event_id,source_row,event_age_ka,pick_value,source_excel_row,event_index,dataset_id,event_type,event_label,event_definition,age_column,pick_column,analysis_start_ka,analysis_end_ka,source,left_control_id,right_control_id,right_control_weight,in_published_alignment_gap,in_long_control_interval,beyond_last_published_control
Barker_S3_010,0,11.402407613184174,1,10,1,barker_variable_threshold_speleo_0_400,barker_do_warming_variable_threshold_speleo,"Barker variable-threshold D-O warmings, SpeleoAge 0-400 ka",variable_threshold,SpeloAge (kyr).1,DO pick variable threshold,0,400,Barker2011/data/raw/Barker et al-2011-SOM.xls,S1_01,S1_02,0.029449731377898868,False,False,False
Barker_S3_011,1,14.572905393916493,1,11,2,barker_variable_threshold_speleo_0_400,barker_do_warming_variable_threshold_speleo,"Barker variable-threshold D-O warmings, SpeleoAge 0-400 ka",variable_threshold,SpeloAge (kyr).1,DO pick variable threshold,0,400,Barker2011/data/raw/Barker et al-2011-SOM.xls,S1_02,S1_03,0.97412384281126019,False,False,False
Barker_S3_012,2,27.9793910080915,1,12,3,barker_variable_threshold_speleo_0_400,barker_do_warming_variable_threshold_speleo,"Barker variable-threshold D-O warmings, SpeleoAge 0-400 ka",variable_threshold,SpeloAge (kyr).1,DO pick variable threshold,0,400,Barker2011/data/raw/Barker et al-2011-SOM.xls,S1_05,S1_06,0.99512789789397171,False,False,False
Barker_S3_013,3,29.831152498377676,1,13,4,barker_variable_threshold_speleo_0_400,barker_do_warming_variable_threshold_speleo,"Barker variable-threshold D-O warmings, SpeleoAge 0-400 ka",variable_threshold,SpeloAge (kyr).1,DO pick variable threshold,0,400,Barker2011/data/raw/Barker et al-2011-SOM.xls,S1_06,S1_07,0.96376447283035671,False,False,False
Barker_S3_014,4,32.919723059451826,1,14,5,barker_variable_threshold_speleo_0_400,barker_do_warming_variable_threshold_speleo,"Barker variable-threshold D-O warmings, SpeleoAge 0-400 ka",variable_threshold,SpeloAge (kyr).1,DO pick variable threshold,0,400,Barker2011/data/raw/Barker et al-2011-SOM.xls,S1_07,S1_08,0.9933299537670488,False,False,False
Barker_S3_015,5,33.892692307692307,1,15,6,barker_variable_threshold_speleo_0_400,barker_do_warming_variable_threshold_speleo,"Barker variable-threshold D-O warmings, SpeleoAge 0-400 ka",variable_threshold,SpeloAge (kyr).1,DO pick variable threshold,0,400,Barker2011/data/raw/Barker et al-2011-SOM.xls,S1_08,S1_09,0.99238782051282171,False,False,False
Barker_S3_016,6,35.398423634606083,1,16,7,barker_variable_threshold_speleo_0_400,barker_do_warming_variable_threshold_speleo,"Barker variable-threshold D-O warmings, SpeleoAge 0-400 ka",variable_threshold,SpeloAge (kyr).1,DO pick variable threshold,0,400,Barker2011/data/raw/Barker et al-2011-SOM.xls,S1_10,S1_11,0.0089871388322341518,False,False,False
Barker_S3_017,7,37.459285386819474,1,17,8,barker_variable_threshold_speleo_0_400,barker_do_warming_variable_threshold_speleo,"Barker variable-threshold D-O warmings, SpeleoAge 0-400 ka",variable_threshold,SpeloAge (kyr).1,DO pick variable threshold,0,400,Barker2011/data/raw/Barker et al-2011-SOM.xls,S1_11,S1_12,0.013621110148592573,False,False,False
Barker_S3_018,8,38.566104871060162,1,18,9,barker_variable_threshold_speleo_0_400,barker_do_warming_variable_threshold_speleo,"Barker variable-threshold D-O warmings, SpeleoAge 0-400 ka",variable_threshold,SpeloAge (kyr).1,DO pick variable threshold,0,400,Barker2011/data/raw/Barker et al-2011-SOM.xls,S1_11,S1_12,0.52842087026054096,False,False,False
Barker_S3_019,9,41.700000000000003,1,19,10,barker_variable_threshold_speleo_0_400,barker_do_warming_variable_threshold_speleo,"Barker variable-threshold D-O warmings, SpeleoAge 0-400 ka",variable_threshold,SpeloAge (kyr).1,DO pick variable threshold,0,400,Barker2011/data/raw/Barker et al-2011-SOM.xls,S1_13,S1_14,0,False,False,False
Barker_S3_020,10,43.693684931506851,1,20,11,barker_variable_threshold_speleo_0_400,barker_do_warming_variable_threshold_speleo,"Barker variable-threshold D-O warmings, SpeleoAge 0-400 ka",variable_threshold,SpeloAge (kyr).1,DO pick variable threshold,0,400,Barker2011/data/raw/Barker et al-2011-SOM.xls,S1_13,S1_14,0.98697273836972899,False,False,False
Barker_S3_021,11,47.592594211822657,1,21,12,barker_variable_threshold_speleo_0_400,barker_do_warming_variable_threshold_speleo,"Barker variable-threshold D-O warmings, SpeleoAge 0-400 ka",variable_threshold,SpeloAge (kyr).1,DO pick variable threshold,0,400,Barker2011/data/raw/Barker et al-2011-SOM.xls,S1_14,S1_15,0.99809129170687005,False,False,False
Barker_S3_022,12,53.867403503774383,1,22,13,barker_variable_threshold_speleo_0_400,barker_do_warming_variable_threshold_speleo,"Barker variable-threshold D-O warmings, SpeleoAge 0-400 ka",variable_threshold,SpeloAge (kyr).1,DO pick variable threshold,0,400,Barker2011/data/raw/Barker et al-2011-SOM.xls,S1_15,S1_16,0.78342543797179776,False,False,False
Barker_S3_023,13,57.659007848363686,1,23,14,barker_variable_threshold_speleo_0_400,barker_do_warming_variable_threshold_speleo,"Barker variable-threshold D-O warmings, SpeleoAge 0-400 ka",variable_threshold,SpeloAge (kyr).1,DO pick variable threshold,0,400,Barker2011/data/raw/Barker et al-2011-SOM.xls,S1_16,S1_17,0.55648860766586128,False,False,False
Barker_S3_024,14,59.301561741210762,1,24,15,barker_variable_threshold_speleo_0_400,barker_do_warming_variable_threshold_speleo,"Barker variable-threshold D-O warmings, SpeleoAge 0-400 ka",variable_threshold,SpeloAge (kyr).1,DO pick variable threshold,0,400,Barker2011/data/raw/Barker et al-2011-SOM.xls,S1_17,S1_18,0.00012666189868324956,False,False,False
Barker_S3_025,15,64.654349960814514,1,25,16,barker_variable_threshold_speleo_0_400,barker_do_warming_variable_threshold_speleo,"Barker variable-threshold D-O warmings, SpeleoAge 0-400 ka",variable_threshold,SpeloAge (kyr).1,DO pick variable threshold,0,400,Barker2011/data/raw/Barker et al-2011-SOM.xls,S1_17,S1_18,0.43425384921447829,False,False,False
Barker_S3_026,16,71.615009926991249,1,26,17,barker_variable_threshold_speleo_0_400,barker_do_warming_variable_threshold_speleo,"Barker variable-threshold D-O warmings, SpeleoAge 0-400 ka",variable_threshold,SpeloAge (kyr).1,DO pick variable threshold,0,400,Barker2011/data/raw/Barker et al-2011-SOM.xls,S1_17,S1_18,0.99878426009661425,False,False,False
Barker_S3_027,17,75.815529489489478,1,27,18,barker_variable_threshold_speleo_0_400,barker_do_warming_variable_threshold_speleo,"Barker variable-threshold D-O warmings, SpeleoAge 0-400 ka",variable_threshold,SpeloAge (kyr).1,DO pick variable threshold,0,400,Barker2011/data/raw/Barker et al-2011-SOM.xls,S1_19,S1_20,0.75537421190823983,False,False,False
Barker_S3_028,18,83.582914952843907,1,28,19,barker_variable_threshold_speleo_0_400,barker_do_warming_variable_threshold_speleo,"Barker variable-threshold D-O warmings, SpeleoAge 0-400 ka",variable_threshold,SpeloAge (kyr).1,DO pick variable threshold,0,400,Barker2011/data/raw/Barker et al-2011-SOM.xls,S1_20,S1_21,0.99750583253195813,False,False,False
Barker_S3_029,19,90.666140544165557,1,29,20,barker_variable_threshold_speleo_0_400,barker_do_warming_variable_threshold_speleo,"Barker variable-threshold D-O warmings, SpeleoAge 0-400 ka",variable_threshold,SpeloAge (kyr).1,DO pick variable threshold,0,400,Barker2011/data/raw/Barker et al-2011-SOM.xls,S1_22,S1_23,0.99883751330287829,False,False,False
Barker_S3_030,20,103.35484795138207,1,30,21,barker_variable_threshold_speleo_0_400,barker_do_warming_variable_threshold_speleo,"Barker variable-threshold D-O warmings, SpeleoAge 0-400 ka",variable_threshold,SpeloAge (kyr).1,DO pick variable threshold,0,400,Barker2011/data/raw/Barker et al-2011-SOM.xls,S1_24,S1_25,0.57820128248097935,False,False,False
Barker_S3_031,21,109.77761542012928,1,31,22,barker_variable_threshold_speleo_0_400,barker_do_warming_variable_threshold_speleo,"Barker variable-threshold D-O warmings, SpeleoAge 0-400 ka",variable_threshold,SpeloAge (kyr).1,DO pick variable threshold,0,400,Barker2011/data/raw/Barker et al-2011-SOM.xls,S1_26,S1_27,0.0098963034434127132,False,False,False
Barker_S3_032,22,125.32790820673185,1,32,23,barker_variable_threshold_speleo_0_400,barker_do_warming_variable_threshold_speleo,"Barker variable-threshold D-O warmings, SpeleoAge 0-400 ka",variable_threshold,SpeloAge (kyr).1,DO pick variable threshold,0,400,Barker2011/data/raw/Barker et al-2011-SOM.xls,S1_27,S1_28,0.7647203664299419,False,False,False
Barker_S3_033,23,129.07452589072466,1,33,24,barker_variable_threshold_speleo_0_400,barker_do_warming_variable_threshold_speleo,"Barker variable-threshold D-O warmings, SpeleoAge 0-400 ka",variable_threshold,SpeloAge (kyr).1,DO pick variable threshold,0,400,Barker2011/data/raw/Barker et al-2011-SOM.xls,S1_27,S1_28,0.9725194614933258,False,False,False
Barker_S3_034,24,147.36634425456978,1,34,25,barker_variable_threshold_speleo_0_400,barker_do_warming_variable_threshold_speleo,"Barker variable-threshold D-O warmings, SpeleoAge 0-400 ka",variable_threshold,SpeloAge (kyr).1,DO pick variable threshold,0,400,Barker2011/data/raw/Barker et al-2011-SOM.xls,S1_30,S1_31,0.38522847756791989,False,False,False
Barker_S3_035,25,149.08323207420821,1,35,26,barker_variable_threshold_speleo_0_400,barker_do_warming_variable_threshold_speleo,"Barker variable-threshold D-O warmings, SpeleoAge 0-400 ka",variable_threshold,SpeloAge (kyr).1,DO pick variable threshold,0,400,Barker2011/data/raw/Barker et al-2011-SOM.xls,S1_30,S1_31,0.46456710139594348,False,False,False
Barker_S3_036,26,150.97180867581042,1,36,27,barker_variable_threshold_speleo_0_400,barker_do_warming_variable_threshold_speleo,"Barker variable-threshold D-O warmings, SpeleoAge 0-400 ka",variable_threshold,SpeloAge (kyr).1,DO pick variable threshold,0,400,Barker2011/data/raw/Barker et al-2011-SOM.xls,S1_30,S1_31,0.55183958760676655,False,False,False
Barker_S3_037,27,160.69435786143114,1,37,28,barker_variable_threshold_speleo_0_400,barker_do_warming_variable_threshold_speleo,"Barker variable-threshold D-O warmings, SpeleoAge 0-400 ka",variable_threshold,SpeloAge (kyr).1,DO pick variable threshold,0,400,Barker2011/data/raw/Barker et al-2011-SOM.xls,S1_31,S1_32,0.0072064678790401638,False,False,False
Barker_S3_038,28,164.03352385202012,1,38,29,barker_variable_threshold_speleo_0_400,barker_do_warming_variable_threshold_speleo,"Barker variable-threshold D-O warmings, SpeleoAge 0-400 ka",variable_threshold,SpeloAge (kyr).1,DO pick variable threshold,0,400,Barker2011/data/raw/Barker et al-2011-SOM.xls,S1_31,S1_32,0.99512540000595062,False,False,False
Barker_S3_039,29,169.48426684230336,1,39,30,barker_variable_threshold_speleo_0_400,barker_do_warming_variable_threshold_speleo,"Barker variable-threshold D-O warmings, SpeleoAge 0-400 ka",variable_threshold,SpeloAge (kyr).1,DO pick variable threshold,0,400,Barker2011/data/raw/Barker et al-2011-SOM.xls,S1_33,S1_34,0.98938905853906145,False,False,False
Barker_S3_040,30,173.18254908054905,1,40,31,barker_variable_threshold_speleo_0_400,barker_do_warming_variable_threshold_speleo,"Barker variable-threshold D-O warmings, SpeleoAge 0-400 ka",variable_threshold,SpeloAge (kyr).1,DO pick variable threshold,0,400,Barker2011/data/raw/Barker et al-2011-SOM.xls,S1_34,S1_35,0.98186803240565901,False,False,False
Barker_S3_041,31,176.29481969044201,1,41,32,barker_variable_threshold_speleo_0_400,barker_do_warming_variable_threshold_speleo,"Barker variable-threshold D-O warmings, SpeleoAge 0-400 ka",variable_threshold,SpeloAge (kyr).1,DO pick variable threshold,0,400,Barker2011/data/raw/Barker et al-2011-SOM.xls,S1_35,S1_36,0.92829868611036903,False,False,False
Barker_S3_042,32,177.95905641025641,1,42,33,barker_variable_threshold_speleo_0_400,barker_do_warming_variable_threshold_speleo,"Barker variable-threshold D-O warmings, SpeleoAge 0-400 ka",variable_threshold,SpeloAge (kyr).1,DO pick variable threshold,0,400,Barker2011/data/raw/Barker et al-2011-SOM.xls,S1_37,S1_38,0.10267066267066526,False,False,False
Barker_S3_043,33,178.65000000000001,1,43,34,barker_variable_threshold_speleo_0_400,barker_do_warming_variable_threshold_speleo,"Barker variable-threshold D-O warmings, SpeleoAge 0-400 ka",variable_threshold,SpeloAge (kyr).1,DO pick variable threshold,0,400,Barker2011/data/raw/Barker et al-2011-SOM.xls,S1_38,S1_39,0,False,False,False
Barker_S3_044,34,189.97930809248555,1,44,35,barker_variable_threshold_speleo_0_400,barker_do_warming_variable_threshold_speleo,"Barker variable-threshold D-O warmings, SpeleoAge 0-400 ka",variable_threshold,SpeloAge (kyr).1,DO pick variable threshold,0,400,Barker2011/data/raw/Barker et al-2011-SOM.xls,S1_38,S1_39,0.9999389313756013,False,False,False
Barker_S3_045,35,192.67904271003977,1,45,36,barker_variable_threshold_speleo_0_400,barker_do_warming_variable_threshold_speleo,"Barker variable-threshold D-O warmings, SpeleoAge 0-400 ka",variable_threshold,SpeloAge (kyr).1,DO pick variable threshold,0,400,Barker2011/data/raw/Barker et al-2011-SOM.xls,S1_40,S1_41,0.13419846811937153,False,False,False
Barker_S3_046,36,199.07712332556784,1,46,37,barker_variable_threshold_speleo_0_400,barker_do_warming_variable_threshold_speleo,"Barker variable-threshold D-O warmings, SpeleoAge 0-400 ka",variable_threshold,SpeloAge (kyr).1,DO pick variable threshold,0,400,Barker2011/data/raw/Barker et al-2011-SOM.xls,S1_41,S1_42,0.0082721379554770106,False,False,False
Barker_S3_047,37,216.84838510734249,1,47,38,barker_variable_threshold_speleo_0_400,barker_do_warming_variable_threshold_speleo,"Barker variable-threshold D-O warmings, SpeleoAge 0-400 ka",variable_threshold,SpeloAge (kyr).1,DO pick variable threshold,0,400,Barker2011/data/raw/Barker et al-2011-SOM.xls,S1_42,S1_43,0.99232229213020806,False,False,False
Barker_S3_048,38,226.71390956408098,1,48,39,barker_variable_threshold_speleo_0_400,barker_do_warming_variable_threshold_speleo,"Barker variable-threshold D-O warmings, SpeleoAge 0-400 ka",variable_threshold,SpeloAge (kyr).1,DO pick variable threshold,0,400,Barker2011/data/raw/Barker et al-2011-SOM.xls,S1_43,S1_44,0.98125977483192073,False,False,False
Barker_S3_049,39,229.58157864115961,1,49,40,barker_variable_threshold_speleo_0_400,barker_do_warming_variable_threshold_speleo,"Barker variable-threshold D-O warmings, SpeleoAge 0-400 ka",variable_threshold,SpeloAge (kyr).1,DO pick variable threshold,0,400,Barker2011/data/raw/Barker et al-2011-SOM.xls,S1_45,S1_46,0.074345370532449384,False,False,False
Barker_S3_050,40,232.02721911054135,1,50,41,barker_variable_threshold_speleo_0_400,barker_do_warming_variable_threshold_speleo,"Barker variable-threshold D-O warmings, SpeleoAge 0-400 ka",variable_threshold,SpeloAge (kyr).1,DO pick variable threshold,0,400,Barker2011/data/raw/Barker et al-2011-SOM.xls,S1_45,S1_46,0.24890928697654216,False,False,False
Barker_S3_051,41,242.45227975544819,1,51,42,barker_variable_threshold_speleo_0_400,barker_do_warming_variable_threshold_speleo,"Barker variable-threshold D-O warmings, SpeleoAge 0-400 ka",variable_threshold,SpeloAge (kyr).1,DO pick variable threshold,0,400,Barker2011/data/raw/Barker et al-2011-SOM.xls,S1_45,S1_46,0.99302496470008406,False,False,False
Barker_S3_052,42,243.88598166641825,1,52,43,barker_variable_threshold_speleo_0_400,barker_do_warming_variable_threshold_speleo,"Barker variable-threshold D-O warmings, SpeleoAge 0-400 ka",variable_threshold,SpeloAge (kyr).1,DO pick variable threshold,0,400,Barker2011/data/raw/Barker et al-2011-SOM.xls,S1_46,S1_47,0.3008967717158188,False,False,False
Barker_S3_053,43,248.50922296641428,1,53,44,barker_variable_threshold_speleo_0_400,barker_do_warming_variable_threshold_speleo,"Barker variable-threshold D-O warmings, SpeleoAge 0-400 ka",variable_threshold,SpeloAge (kyr).1,DO pick variable threshold,0,400,Barker2011/data/raw/Barker et al-2011-SOM.xls,S1_47,S1_48,0.74108437386062853,False,False,False
Barker_S3_054,44,251.87643681546251,1,54,45,barker_variable_threshold_speleo_0_400,barker_do_warming_variable_threshold_speleo,"Barker variable-threshold D-O warmings, SpeleoAge 0-400 ka",variable_threshold,SpeloAge (kyr).1,DO pick variable threshold,0,400,Barker2011/data/raw/Barker et al-2011-SOM.xls,S1_49,S1_50,0.0034288995411825406,False,False,False
Barker_S3_055,45,257.64513262770367,1,55,46,barker_variable_threshold_speleo_0_400,barker_do_warming_variable_threshold_speleo,"Barker variable-threshold D-O warmings, SpeleoAge 0-400 ka",variable_threshold,SpeloAge (kyr).1,DO pick variable threshold,0,400,Barker2011/data/raw/Barker et al-2011-SOM.xls,S1_49,S1_50,0.751638473113317,False,False,False
Barker_S3_056,46,259.51836226415094,1,56,47,barker_variable_threshold_speleo_0_400,barker_do_warming_variable_threshold_speleo,"Barker variable-threshold D-O warmings, SpeleoAge 0-400 ka",variable_threshold,SpeloAge (kyr).1,DO pick variable threshold,0,400,Barker2011/data/raw/Barker et al-2011-SOM.xls,S1_49,S1_50,0.99459951545407721,False,False,False
Barker_S3_057,47,261.98510637196529,1,57,48,barker_variable_threshold_speleo_0_400,barker_do_warming_variable_threshold_speleo,"Barker variable-threshold D-O warmings, SpeleoAge 0-400 ka",variable_threshold,SpeloAge (kyr).1,DO pick variable threshold,0,400,Barker2011/data/raw/Barker et al-2011-SOM.xls,S1_50,S1_51,0.51818512221480373,False,False,False
Barker_S3_058,48,264.30493887083725,1,58,49,barker_variable_threshold_speleo_0_400,barker_do_warming_variable_threshold_speleo,"Barker variable-threshold D-O warmings, SpeleoAge 0-400 ka",variable_threshold,SpeloAge (kyr).1,DO pick variable threshold,0,400,Barker2011/data/raw/Barker et al-2011-SOM.xls,S1_51,S1_52,0.0012147188708798824,False,True,False
Barker_S3_059,49,276.9088177368622,1,59,50,barker_variable_threshold_speleo_0_400,barker_do_warming_variable_threshold_speleo,"Barker variable-threshold D-O warmings, SpeleoAge 0-400 ka",variable_threshold,SpeloAge (kyr).1,DO pick variable threshold,0,400,Barker2011/data/raw/Barker et al-2011-SOM.xls,S1_51,S1_52,0.23697751097759445,True,True,False
Barker_S3_060,50,278.80551795456495,1,60,51,barker_variable_threshold_speleo_0_400,barker_do_warming_variable_threshold_speleo,"Barker variable-threshold D-O warmings, SpeleoAge 0-400 ka",variable_threshold,SpeloAge (kyr).1,DO pick variable threshold,0,400,Barker2011/data/raw/Barker et al-2011-SOM.xls,S1_51,S1_52,0.27245637775093423,True,True,False
Barker_S3_061,51,281.47721396014634,1,61,52,barker_variable_threshold_speleo_0_400,barker_do_warming_variable_threshold_speleo,"Barker variable-threshold D-O warmings, SpeleoAge 0-400 ka",variable_threshold,SpeloAge (kyr).1,DO pick variable threshold,0,400,Barker2011/data/raw/Barker et al-2011-SOM.xls,S1_51,S1_52,0.32243198578650095,True,True,False
Barker_S3_062,52,291.42979144658676,1,62,53,barker_variable_threshold_speleo_0_400,barker_do_warming_variable_threshold_speleo,"Barker variable-threshold D-O warmings, SpeleoAge 0-400 ka",variable_threshold,SpeloAge (kyr).1,DO pick variable threshold,0,400,Barker2011/data/raw/Barker et al-2011-SOM.xls,S1_51,S1_52,0.50860066304876106,True,True,False
Barker_S3_063,53,297.52778461963123,1,63,54,barker_variable_threshold_speleo_0_400,barker_do_warming_variable_threshold_speleo,"Barker variable-threshold D-O warmings, SpeleoAge 0-400 ka",variable_threshold,SpeloAge (kyr).1,DO pick variable threshold,0,400,Barker2011/data/raw/Barker et al-2011-SOM.xls,S1_51,S1_52,0.62266712719100703,True,True,False
Barker_S3_064,54,301.83105070495697,1,64,55,barker_variable_threshold_speleo_0_400,barker_do_warming_variable_threshold_speleo,"Barker variable-threshold D-O warmings, SpeleoAge 0-400 ka",variable_threshold,SpeloAge (kyr).1,DO pick variable threshold,0,400,Barker2011/data/raw/Barker et al-2011-SOM.xls,S1_51,S1_52,0.70316219051546891,True,True,False
Barker_S3_065,55,306.88891795216438,1,65,56,barker_variable_threshold_speleo_0_400,barker_do_warming_variable_threshold_speleo,"Barker variable-threshold D-O warmings, SpeleoAge 0-400 ka",variable_threshold,SpeloAge (kyr).1,DO pick variable threshold,0,400,Barker2011/data/raw/Barker et al-2011-SOM.xls,S1_51,S1_52,0.79777250191104343,True,True,False
Barker_S3_066,56,317.78015848795508,1,66,57,barker_variable_threshold_speleo_0_400,barker_do_warming_variable_threshold_speleo,"Barker variable-threshold D-O warmings, SpeleoAge 0-400 ka",variable_threshold,SpeloAge (kyr).1,DO pick variable threshold,0,400,Barker2011/data/raw/Barker et al-2011-SOM.xls,S1_52,S1_53,0.0043898405232797796,False,False,False
Barker_S3_067,57,327.90134618362464,1,67,58,barker_variable_threshold_speleo_0_400,barker_do_warming_variable_threshold_speleo,"Barker variable-threshold D-O warmings, SpeleoAge 0-400 ka",variable_threshold,SpeloAge (kyr).1,DO pick variable threshold,0,400,Barker2011/data/raw/Barker et al-2011-SOM.xls,S1_52,S1_53,0.55867175156761528,False,False,False
Barker_S3_068,58,334.86094583642779,1,68,59,barker_variable_threshold_speleo_0_400,barker_do_warming_variable_threshold_speleo,"Barker variable-threshold D-O warmings, SpeleoAge 0-400 ka",variable_threshold,SpeloAge (kyr).1,DO pick variable threshold,0,400,Barker2011/data/raw/Barker et al-2011-SOM.xls,S1_52,S1_53,0.93981083441554258,False,False,False
Barker_S3_069,59,335.20995230869227,1,69,60,barker_variable_threshold_speleo_0_400,barker_do_warming_variable_threshold_speleo,"Barker variable-threshold D-O warmings, SpeleoAge 0-400 ka",variable_threshold,SpeloAge (kyr).1,DO pick variable threshold,0,400,Barker2011/data/raw/Barker et al-2011-SOM.xls,S1_52,S1_53,0.95892400376189957,False,False,False
Barker_S3_070,60,335.74372691333201,1,70,61,barker_variable_threshold_speleo_0_400,barker_do_warming_variable_threshold_speleo,"Barker variable-threshold D-O warmings, SpeleoAge 0-400 ka",variable_threshold,SpeloAge (kyr).1,DO pick variable threshold,0,400,Barker2011/data/raw/Barker et al-2011-SOM.xls,S1_52,S1_53,0.9881559098210313,False,False,False
Barker_S3_071,61,336.25253465346543,1,71,62,barker_variable_threshold_speleo_0_400,barker_do_warming_variable_threshold_speleo,"Barker variable-threshold D-O warmings, SpeleoAge 0-400 ka",variable_threshold,SpeloAge (kyr).1,DO pick variable threshold,0,400,Barker2011/data/raw/Barker et al-2011-SOM.xls,S1_53,S1_54,0.042581463386528684,False,False,False
Barker_S3_072,62,349.3827409805063,1,72,63,barker_variable_threshold_speleo_0_400,barker_do_warming_variable_threshold_speleo,"Barker variable-threshold D-O warmings, SpeleoAge 0-400 ka",variable_threshold,SpeloAge (kyr).1,DO pick variable threshold,0,400,Barker2011/data/raw/Barker et al-2011-SOM.xls,S1_54,S1_55,0.88193014542480597,False,False,False
Barker_S3_073,63,351.12312290502797,1,73,64,barker_variable_threshold_speleo_0_400,barker_do_warming_variable_threshold_speleo,"Barker variable-threshold D-O warmings, SpeleoAge 0-400 ka",variable_threshold,SpeloAge (kyr).1,DO pick variable threshold,0,400,Barker2011/data/raw/Barker et al-2011-SOM.xls,S1_55,S1_56,0.67962433466770933,False,False,False
Barker_S3_074,64,366.80497398368038,1,74,65,barker_variable_threshold_speleo_0_400,barker_do_warming_variable_threshold_speleo,"Barker variable-threshold D-O warmings, SpeleoAge 0-400 ka",variable_threshold,SpeloAge (kyr).1,DO pick variable threshold,0,400,Barker2011/data/raw/Barker et al-2011-SOM.xls,S1_56,S1_57,0.99901726511971156,False,False,False
Barker_S3_075,65,372.80446259168701,1,75,66,barker_variable_threshold_speleo_0_400,barker_do_warming_variable_threshold_speleo,"Barker variable-threshold D-O warmings, SpeleoAge 0-400 ka",variable_threshold,SpeloAge (kyr).1,DO pick variable threshold,0,400,Barker2011/data/raw/Barker et al-2011-SOM.xls,S1_59,S1_60,0.010085665127224704,False,False,False
Barker_S3_076,66,378.19056315366049,1,76,67,barker_variable_threshold_speleo_0_400,barker_do_warming_variable_threshold_speleo,"Barker variable-threshold D-O warmings, SpeleoAge 0-400 ka",variable_threshold,SpeloAge (kyr).1,DO pick variable threshold,0,400,Barker2011/data/raw/Barker et al-2011-SOM.xls,S1_60,AUX_400,0.0018564372384674681,False,False,True
Barker_S3_077,67,387.37811745776349,1,77,68,barker_variable_threshold_speleo_0_400,barker_do_warming_variable_threshold_speleo,"Barker variable-threshold D-O warmings, SpeleoAge 0-400 ka",variable_threshold,SpeloAge (kyr).1,DO pick variable threshold,0,400,Barker2011/data/raw/Barker et al-2011-SOM.xls,S1_60,AUX_400,0.42233947175119024,False,False,True
Barker_S3_078,68,392.24569589702332,1,78,69,barker_variable_threshold_speleo_0_400,barker_do_warming_variable_threshold_speleo,"Barker variable-threshold D-O warmings, SpeleoAge 0-400 ka",variable_threshold,SpeloAge (kyr).1,DO pick variable threshold,0,400,Barker2011/data/raw/Barker et al-2011-SOM.xls,S1_60,AUX_400,0.64511194036720054,False,False,True
Barker_S3_079,69,396.46426387771521,1,79,70,barker_variable_threshold_speleo_0_400,barker_do_warming_variable_threshold_speleo,"Barker variable-threshold D-O warmings, SpeleoAge 0-400 ka",variable_threshold,SpeloAge (kyr).1,DO pick variable threshold,0,400,Barker2011/data/raw/Barker et al-2011-SOM.xls,S1_60,AUX_400,0.83818141316774442,False,False,True
