event_age_ka,pick_value,event_index,dataset_id,event_type,event_label,age_column,pick_column,analysis_start_ka,analysis_end_ka,source
11.5,1.0,1,barker_variable_threshold_edc3_0_640,barker_do_warming_variable_threshold_edc3,"Barker variable-threshold D-O warmings, EDC3 0-640 ka",Age kyr (EDC3),DO pick variable threshold,0.0,640.0,data/raw/Barker et al-2011-SOM.xls
14.3,1.0,2,barker_variable_threshold_edc3_0_640,barker_do_warming_variable_threshold_edc3,"Barker variable-threshold D-O warmings, EDC3 0-640 ka",Age kyr (EDC3),DO pick variable threshold,0.0,640.0,data/raw/Barker et al-2011-SOM.xls
27.38,1.0,3,barker_variable_threshold_edc3_0_640,barker_do_warming_variable_threshold_edc3,"Barker variable-threshold D-O warmings, EDC3 0-640 ka",Age kyr (EDC3),DO pick variable threshold,0.0,640.0,data/raw/Barker et al-2011-SOM.xls
29.26,1.0,4,barker_variable_threshold_edc3_0_640,barker_do_warming_variable_threshold_edc3,"Barker variable-threshold D-O warmings, EDC3 0-640 ka",Age kyr (EDC3),DO pick variable threshold,0.0,640.0,data/raw/Barker et al-2011-SOM.xls
32.02,1.0,5,barker_variable_threshold_edc3_0_640,barker_do_warming_variable_threshold_edc3,"Barker variable-threshold D-O warmings, EDC3 0-640 ka",Age kyr (EDC3),DO pick variable threshold,0.0,640.0,data/raw/Barker et al-2011-SOM.xls
33.34,1.0,6,barker_variable_threshold_edc3_0_640,barker_do_warming_variable_threshold_edc3,"Barker variable-threshold D-O warmings, EDC3 0-640 ka",Age kyr (EDC3),DO pick variable threshold,0.0,640.0,data/raw/Barker et al-2011-SOM.xls
35.02,1.0,7,barker_variable_threshold_edc3_0_640,barker_do_warming_variable_threshold_edc3,"Barker variable-threshold D-O warmings, EDC3 0-640 ka",Age kyr (EDC3),DO pick variable threshold,0.0,640.0,data/raw/Barker et al-2011-SOM.xls
37.78,1.0,8,barker_variable_threshold_edc3_0_640,barker_do_warming_variable_threshold_edc3,"Barker variable-threshold D-O warmings, EDC3 0-640 ka",Age kyr (EDC3),DO pick variable threshold,0.0,640.0,data/raw/Barker et al-2011-SOM.xls
38.68,1.0,9,barker_variable_threshold_edc3_0_640,barker_do_warming_variable_threshold_edc3,"Barker variable-threshold D-O warmings, EDC3 0-640 ka",Age kyr (EDC3),DO pick variable threshold,0.0,640.0,data/raw/Barker et al-2011-SOM.xls
41.3,1.0,10,barker_variable_threshold_edc3_0_640,barker_do_warming_variable_threshold_edc3,"Barker variable-threshold D-O warmings, EDC3 0-640 ka",Age kyr (EDC3),DO pick variable threshold,0.0,640.0,data/raw/Barker et al-2011-SOM.xls
43.1,1.0,11,barker_variable_threshold_edc3_0_640,barker_do_warming_variable_threshold_edc3,"Barker variable-threshold D-O warmings, EDC3 0-640 ka",Age kyr (EDC3),DO pick variable threshold,0.0,640.0,data/raw/Barker et al-2011-SOM.xls
46.42,1.0,12,barker_variable_threshold_edc3_0_640,barker_do_warming_variable_threshold_edc3,"Barker variable-threshold D-O warmings, EDC3 0-640 ka",Age kyr (EDC3),DO pick variable threshold,0.0,640.0,data/raw/Barker et al-2011-SOM.xls
53.3,1.0,13,barker_variable_threshold_edc3_0_640,barker_do_warming_variable_threshold_edc3,"Barker variable-threshold D-O warmings, EDC3 0-640 ka",Age kyr (EDC3),DO pick variable threshold,0.0,640.0,data/raw/Barker et al-2011-SOM.xls
57.08,1.0,14,barker_variable_threshold_edc3_0_640,barker_do_warming_variable_threshold_edc3,"Barker variable-threshold D-O warmings, EDC3 0-640 ka",Age kyr (EDC3),DO pick variable threshold,0.0,640.0,data/raw/Barker et al-2011-SOM.xls
58.58,1.0,15,barker_variable_threshold_edc3_0_640,barker_do_warming_variable_threshold_edc3,"Barker variable-threshold D-O warmings, EDC3 0-640 ka",Age kyr (EDC3),DO pick variable threshold,0.0,640.0,data/raw/Barker et al-2011-SOM.xls
63.84,1.0,16,barker_variable_threshold_edc3_0_640,barker_do_warming_variable_threshold_edc3,"Barker variable-threshold D-O warmings, EDC3 0-640 ka",Age kyr (EDC3),DO pick variable threshold,0.0,640.0,data/raw/Barker et al-2011-SOM.xls
70.68,1.0,17,barker_variable_threshold_edc3_0_640,barker_do_warming_variable_threshold_edc3,"Barker variable-threshold D-O warmings, EDC3 0-640 ka",Age kyr (EDC3),DO pick variable threshold,0.0,640.0,data/raw/Barker et al-2011-SOM.xls
74.5,1.0,18,barker_variable_threshold_edc3_0_640,barker_do_warming_variable_threshold_edc3,"Barker variable-threshold D-O warmings, EDC3 0-640 ka",Age kyr (EDC3),DO pick variable threshold,0.0,640.0,data/raw/Barker et al-2011-SOM.xls
83.18,1.0,19,barker_variable_threshold_edc3_0_640,barker_do_warming_variable_threshold_edc3,"Barker variable-threshold D-O warmings, EDC3 0-640 ka",Age kyr (EDC3),DO pick variable threshold,0.0,640.0,data/raw/Barker et al-2011-SOM.xls
89.92,1.0,20,barker_variable_threshold_edc3_0_640,barker_do_warming_variable_threshold_edc3,"Barker variable-threshold D-O warmings, EDC3 0-640 ka",Age kyr (EDC3),DO pick variable threshold,0.0,640.0,data/raw/Barker et al-2011-SOM.xls
101.52,1.0,21,barker_variable_threshold_edc3_0_640,barker_do_warming_variable_threshold_edc3,"Barker variable-threshold D-O warmings, EDC3 0-640 ka",Age kyr (EDC3),DO pick variable threshold,0.0,640.0,data/raw/Barker et al-2011-SOM.xls
106.54,1.0,22,barker_variable_threshold_edc3_0_640,barker_do_warming_variable_threshold_edc3,"Barker variable-threshold D-O warmings, EDC3 0-640 ka",Age kyr (EDC3),DO pick variable threshold,0.0,640.0,data/raw/Barker et al-2011-SOM.xls
124.22,1.0,23,barker_variable_threshold_edc3_0_640,barker_do_warming_variable_threshold_edc3,"Barker variable-threshold D-O warmings, EDC3 0-640 ka",Age kyr (EDC3),DO pick variable threshold,0.0,640.0,data/raw/Barker et al-2011-SOM.xls
128.44,1.0,24,barker_variable_threshold_edc3_0_640,barker_do_warming_variable_threshold_edc3,"Barker variable-threshold D-O warmings, EDC3 0-640 ka",Age kyr (EDC3),DO pick variable threshold,0.0,640.0,data/raw/Barker et al-2011-SOM.xls
146.7,1.0,25,barker_variable_threshold_edc3_0_640,barker_do_warming_variable_threshold_edc3,"Barker variable-threshold D-O warmings, EDC3 0-640 ka",Age kyr (EDC3),DO pick variable threshold,0.0,640.0,data/raw/Barker et al-2011-SOM.xls
148.3,1.0,26,barker_variable_threshold_edc3_0_640,barker_do_warming_variable_threshold_edc3,"Barker variable-threshold D-O warmings, EDC3 0-640 ka",Age kyr (EDC3),DO pick variable threshold,0.0,640.0,data/raw/Barker et al-2011-SOM.xls
150.06,1.0,27,barker_variable_threshold_edc3_0_640,barker_do_warming_variable_threshold_edc3,"Barker variable-threshold D-O warmings, EDC3 0-640 ka",Age kyr (EDC3),DO pick variable threshold,0.0,640.0,data/raw/Barker et al-2011-SOM.xls
159.12,1.0,28,barker_variable_threshold_edc3_0_640,barker_do_warming_variable_threshold_edc3,"Barker variable-threshold D-O warmings, EDC3 0-640 ka",Age kyr (EDC3),DO pick variable threshold,0.0,640.0,data/raw/Barker et al-2011-SOM.xls
162.16,1.0,29,barker_variable_threshold_edc3_0_640,barker_do_warming_variable_threshold_edc3,"Barker variable-threshold D-O warmings, EDC3 0-640 ka",Age kyr (EDC3),DO pick variable threshold,0.0,640.0,data/raw/Barker et al-2011-SOM.xls
168.16,1.0,30,barker_variable_threshold_edc3_0_640,barker_do_warming_variable_threshold_edc3,"Barker variable-threshold D-O warmings, EDC3 0-640 ka",Age kyr (EDC3),DO pick variable threshold,0.0,640.0,data/raw/Barker et al-2011-SOM.xls
172.0,1.0,31,barker_variable_threshold_edc3_0_640,barker_do_warming_variable_threshold_edc3,"Barker variable-threshold D-O warmings, EDC3 0-640 ka",Age kyr (EDC3),DO pick variable threshold,0.0,640.0,data/raw/Barker et al-2011-SOM.xls
174.98,1.0,32,barker_variable_threshold_edc3_0_640,barker_do_warming_variable_threshold_edc3,"Barker variable-threshold D-O warmings, EDC3 0-640 ka",Age kyr (EDC3),DO pick variable threshold,0.0,640.0,data/raw/Barker et al-2011-SOM.xls
177.14,1.0,33,barker_variable_threshold_edc3_0_640,barker_do_warming_variable_threshold_edc3,"Barker variable-threshold D-O warmings, EDC3 0-640 ka",Age kyr (EDC3),DO pick variable threshold,0.0,640.0,data/raw/Barker et al-2011-SOM.xls
178.3,1.0,34,barker_variable_threshold_edc3_0_640,barker_do_warming_variable_threshold_edc3,"Barker variable-threshold D-O warmings, EDC3 0-640 ka",Age kyr (EDC3),DO pick variable threshold,0.0,640.0,data/raw/Barker et al-2011-SOM.xls
187.84,1.0,35,barker_variable_threshold_edc3_0_640,barker_do_warming_variable_threshold_edc3,"Barker variable-threshold D-O warmings, EDC3 0-640 ka",Age kyr (EDC3),DO pick variable threshold,0.0,640.0,data/raw/Barker et al-2011-SOM.xls
192.16,1.0,36,barker_variable_threshold_edc3_0_640,barker_do_warming_variable_threshold_edc3,"Barker variable-threshold D-O warmings, EDC3 0-640 ka",Age kyr (EDC3),DO pick variable threshold,0.0,640.0,data/raw/Barker et al-2011-SOM.xls
201.42,1.0,37,barker_variable_threshold_edc3_0_640,barker_do_warming_variable_threshold_edc3,"Barker variable-threshold D-O warmings, EDC3 0-640 ka",Age kyr (EDC3),DO pick variable threshold,0.0,640.0,data/raw/Barker et al-2011-SOM.xls
215.22,1.0,38,barker_variable_threshold_edc3_0_640,barker_do_warming_variable_threshold_edc3,"Barker variable-threshold D-O warmings, EDC3 0-640 ka",Age kyr (EDC3),DO pick variable threshold,0.0,640.0,data/raw/Barker et al-2011-SOM.xls
226.2,1.0,39,barker_variable_threshold_edc3_0_640,barker_do_warming_variable_threshold_edc3,"Barker variable-threshold D-O warmings, EDC3 0-640 ka",Age kyr (EDC3),DO pick variable threshold,0.0,640.0,data/raw/Barker et al-2011-SOM.xls
229.76,1.0,40,barker_variable_threshold_edc3_0_640,barker_do_warming_variable_threshold_edc3,"Barker variable-threshold D-O warmings, EDC3 0-640 ka",Age kyr (EDC3),DO pick variable threshold,0.0,640.0,data/raw/Barker et al-2011-SOM.xls
232.12,1.0,41,barker_variable_threshold_edc3_0_640,barker_do_warming_variable_threshold_edc3,"Barker variable-threshold D-O warmings, EDC3 0-640 ka",Age kyr (EDC3),DO pick variable threshold,0.0,640.0,data/raw/Barker et al-2011-SOM.xls
242.18,1.0,42,barker_variable_threshold_edc3_0_640,barker_do_warming_variable_threshold_edc3,"Barker variable-threshold D-O warmings, EDC3 0-640 ka",Age kyr (EDC3),DO pick variable threshold,0.0,640.0,data/raw/Barker et al-2011-SOM.xls
243.62,1.0,43,barker_variable_threshold_edc3_0_640,barker_do_warming_variable_threshold_edc3,"Barker variable-threshold D-O warmings, EDC3 0-640 ka",Age kyr (EDC3),DO pick variable threshold,0.0,640.0,data/raw/Barker et al-2011-SOM.xls
248.02,1.0,44,barker_variable_threshold_edc3_0_640,barker_do_warming_variable_threshold_edc3,"Barker variable-threshold D-O warmings, EDC3 0-640 ka",Age kyr (EDC3),DO pick variable threshold,0.0,640.0,data/raw/Barker et al-2011-SOM.xls
251.3,1.0,45,barker_variable_threshold_edc3_0_640,barker_do_warming_variable_threshold_edc3,"Barker variable-threshold D-O warmings, EDC3 0-640 ka",Age kyr (EDC3),DO pick variable threshold,0.0,640.0,data/raw/Barker et al-2011-SOM.xls
256.72,1.0,46,barker_variable_threshold_edc3_0_640,barker_do_warming_variable_threshold_edc3,"Barker variable-threshold D-O warmings, EDC3 0-640 ka",Age kyr (EDC3),DO pick variable threshold,0.0,640.0,data/raw/Barker et al-2011-SOM.xls
258.48,1.0,47,barker_variable_threshold_edc3_0_640,barker_do_warming_variable_threshold_edc3,"Barker variable-threshold D-O warmings, EDC3 0-640 ka",Age kyr (EDC3),DO pick variable threshold,0.0,640.0,data/raw/Barker et al-2011-SOM.xls
261.16,1.0,48,barker_variable_threshold_edc3_0_640,barker_do_warming_variable_threshold_edc3,"Barker variable-threshold D-O warmings, EDC3 0-640 ka",Age kyr (EDC3),DO pick variable threshold,0.0,640.0,data/raw/Barker et al-2011-SOM.xls
263.68,1.0,49,barker_variable_threshold_edc3_0_640,barker_do_warming_variable_threshold_edc3,"Barker variable-threshold D-O warmings, EDC3 0-640 ka",Age kyr (EDC3),DO pick variable threshold,0.0,640.0,data/raw/Barker et al-2011-SOM.xls
276.04,1.0,50,barker_variable_threshold_edc3_0_640,barker_do_warming_variable_threshold_edc3,"Barker variable-threshold D-O warmings, EDC3 0-640 ka",Age kyr (EDC3),DO pick variable threshold,0.0,640.0,data/raw/Barker et al-2011-SOM.xls
277.9,1.0,51,barker_variable_threshold_edc3_0_640,barker_do_warming_variable_threshold_edc3,"Barker variable-threshold D-O warmings, EDC3 0-640 ka",Age kyr (EDC3),DO pick variable threshold,0.0,640.0,data/raw/Barker et al-2011-SOM.xls
280.52,1.0,52,barker_variable_threshold_edc3_0_640,barker_do_warming_variable_threshold_edc3,"Barker variable-threshold D-O warmings, EDC3 0-640 ka",Age kyr (EDC3),DO pick variable threshold,0.0,640.0,data/raw/Barker et al-2011-SOM.xls
290.28,1.0,53,barker_variable_threshold_edc3_0_640,barker_do_warming_variable_threshold_edc3,"Barker variable-threshold D-O warmings, EDC3 0-640 ka",Age kyr (EDC3),DO pick variable threshold,0.0,640.0,data/raw/Barker et al-2011-SOM.xls
296.26,1.0,54,barker_variable_threshold_edc3_0_640,barker_do_warming_variable_threshold_edc3,"Barker variable-threshold D-O warmings, EDC3 0-640 ka",Age kyr (EDC3),DO pick variable threshold,0.0,640.0,data/raw/Barker et al-2011-SOM.xls
300.48,1.0,55,barker_variable_threshold_edc3_0_640,barker_do_warming_variable_threshold_edc3,"Barker variable-threshold D-O warmings, EDC3 0-640 ka",Age kyr (EDC3),DO pick variable threshold,0.0,640.0,data/raw/Barker et al-2011-SOM.xls
305.44,1.0,56,barker_variable_threshold_edc3_0_640,barker_do_warming_variable_threshold_edc3,"Barker variable-threshold D-O warmings, EDC3 0-640 ka",Age kyr (EDC3),DO pick variable threshold,0.0,640.0,data/raw/Barker et al-2011-SOM.xls
316.12,1.0,57,barker_variable_threshold_edc3_0_640,barker_do_warming_variable_threshold_edc3,"Barker variable-threshold D-O warmings, EDC3 0-640 ka",Age kyr (EDC3),DO pick variable threshold,0.0,640.0,data/raw/Barker et al-2011-SOM.xls
325.98,1.0,58,barker_variable_threshold_edc3_0_640,barker_do_warming_variable_threshold_edc3,"Barker variable-threshold D-O warmings, EDC3 0-640 ka",Age kyr (EDC3),DO pick variable threshold,0.0,640.0,data/raw/Barker et al-2011-SOM.xls
332.76,1.0,59,barker_variable_threshold_edc3_0_640,barker_do_warming_variable_threshold_edc3,"Barker variable-threshold D-O warmings, EDC3 0-640 ka",Age kyr (EDC3),DO pick variable threshold,0.0,640.0,data/raw/Barker et al-2011-SOM.xls
333.1,1.0,60,barker_variable_threshold_edc3_0_640,barker_do_warming_variable_threshold_edc3,"Barker variable-threshold D-O warmings, EDC3 0-640 ka",Age kyr (EDC3),DO pick variable threshold,0.0,640.0,data/raw/Barker et al-2011-SOM.xls
333.62,1.0,61,barker_variable_threshold_edc3_0_640,barker_do_warming_variable_threshold_edc3,"Barker variable-threshold D-O warmings, EDC3 0-640 ka",Age kyr (EDC3),DO pick variable threshold,0.0,640.0,data/raw/Barker et al-2011-SOM.xls
334.16,1.0,62,barker_variable_threshold_edc3_0_640,barker_do_warming_variable_threshold_edc3,"Barker variable-threshold D-O warmings, EDC3 0-640 ka",Age kyr (EDC3),DO pick variable threshold,0.0,640.0,data/raw/Barker et al-2011-SOM.xls
347.62,1.0,63,barker_variable_threshold_edc3_0_640,barker_do_warming_variable_threshold_edc3,"Barker variable-threshold D-O warmings, EDC3 0-640 ka",Age kyr (EDC3),DO pick variable threshold,0.0,640.0,data/raw/Barker et al-2011-SOM.xls
349.22,1.0,64,barker_variable_threshold_edc3_0_640,barker_do_warming_variable_threshold_edc3,"Barker variable-threshold D-O warmings, EDC3 0-640 ka",Age kyr (EDC3),DO pick variable threshold,0.0,640.0,data/raw/Barker et al-2011-SOM.xls
363.24,1.0,65,barker_variable_threshold_edc3_0_640,barker_do_warming_variable_threshold_edc3,"Barker variable-threshold D-O warmings, EDC3 0-640 ka",Age kyr (EDC3),DO pick variable threshold,0.0,640.0,data/raw/Barker et al-2011-SOM.xls
367.84,1.0,66,barker_variable_threshold_edc3_0_640,barker_do_warming_variable_threshold_edc3,"Barker variable-threshold D-O warmings, EDC3 0-640 ka",Age kyr (EDC3),DO pick variable threshold,0.0,640.0,data/raw/Barker et al-2011-SOM.xls
372.94,1.0,67,barker_variable_threshold_edc3_0_640,barker_do_warming_variable_threshold_edc3,"Barker variable-threshold D-O warmings, EDC3 0-640 ka",Age kyr (EDC3),DO pick variable threshold,0.0,640.0,data/raw/Barker et al-2011-SOM.xls
382.0,1.0,68,barker_variable_threshold_edc3_0_640,barker_do_warming_variable_threshold_edc3,"Barker variable-threshold D-O warmings, EDC3 0-640 ka",Age kyr (EDC3),DO pick variable threshold,0.0,640.0,data/raw/Barker et al-2011-SOM.xls
386.8,1.0,69,barker_variable_threshold_edc3_0_640,barker_do_warming_variable_threshold_edc3,"Barker variable-threshold D-O warmings, EDC3 0-640 ka",Age kyr (EDC3),DO pick variable threshold,0.0,640.0,data/raw/Barker et al-2011-SOM.xls
390.96,1.0,70,barker_variable_threshold_edc3_0_640,barker_do_warming_variable_threshold_edc3,"Barker variable-threshold D-O warmings, EDC3 0-640 ka",Age kyr (EDC3),DO pick variable threshold,0.0,640.0,data/raw/Barker et al-2011-SOM.xls
424.9,1.0,71,barker_variable_threshold_edc3_0_640,barker_do_warming_variable_threshold_edc3,"Barker variable-threshold D-O warmings, EDC3 0-640 ka",Age kyr (EDC3),DO pick variable threshold,0.0,640.0,data/raw/Barker et al-2011-SOM.xls
426.96,1.0,72,barker_variable_threshold_edc3_0_640,barker_do_warming_variable_threshold_edc3,"Barker variable-threshold D-O warmings, EDC3 0-640 ka",Age kyr (EDC3),DO pick variable threshold,0.0,640.0,data/raw/Barker et al-2011-SOM.xls
435.92,1.0,73,barker_variable_threshold_edc3_0_640,barker_do_warming_variable_threshold_edc3,"Barker variable-threshold D-O warmings, EDC3 0-640 ka",Age kyr (EDC3),DO pick variable threshold,0.0,640.0,data/raw/Barker et al-2011-SOM.xls
438.82,1.0,74,barker_variable_threshold_edc3_0_640,barker_do_warming_variable_threshold_edc3,"Barker variable-threshold D-O warmings, EDC3 0-640 ka",Age kyr (EDC3),DO pick variable threshold,0.0,640.0,data/raw/Barker et al-2011-SOM.xls
443.88,1.0,75,barker_variable_threshold_edc3_0_640,barker_do_warming_variable_threshold_edc3,"Barker variable-threshold D-O warmings, EDC3 0-640 ka",Age kyr (EDC3),DO pick variable threshold,0.0,640.0,data/raw/Barker et al-2011-SOM.xls
447.54,1.0,76,barker_variable_threshold_edc3_0_640,barker_do_warming_variable_threshold_edc3,"Barker variable-threshold D-O warmings, EDC3 0-640 ka",Age kyr (EDC3),DO pick variable threshold,0.0,640.0,data/raw/Barker et al-2011-SOM.xls
451.94,1.0,77,barker_variable_threshold_edc3_0_640,barker_do_warming_variable_threshold_edc3,"Barker variable-threshold D-O warmings, EDC3 0-640 ka",Age kyr (EDC3),DO pick variable threshold,0.0,640.0,data/raw/Barker et al-2011-SOM.xls
454.12,1.0,78,barker_variable_threshold_edc3_0_640,barker_do_warming_variable_threshold_edc3,"Barker variable-threshold D-O warmings, EDC3 0-640 ka",Age kyr (EDC3),DO pick variable threshold,0.0,640.0,data/raw/Barker et al-2011-SOM.xls
462.46,1.0,79,barker_variable_threshold_edc3_0_640,barker_do_warming_variable_threshold_edc3,"Barker variable-threshold D-O warmings, EDC3 0-640 ka",Age kyr (EDC3),DO pick variable threshold,0.0,640.0,data/raw/Barker et al-2011-SOM.xls
467.14,1.0,80,barker_variable_threshold_edc3_0_640,barker_do_warming_variable_threshold_edc3,"Barker variable-threshold D-O warmings, EDC3 0-640 ka",Age kyr (EDC3),DO pick variable threshold,0.0,640.0,data/raw/Barker et al-2011-SOM.xls
469.28,1.0,81,barker_variable_threshold_edc3_0_640,barker_do_warming_variable_threshold_edc3,"Barker variable-threshold D-O warmings, EDC3 0-640 ka",Age kyr (EDC3),DO pick variable threshold,0.0,640.0,data/raw/Barker et al-2011-SOM.xls
472.24,1.0,82,barker_variable_threshold_edc3_0_640,barker_do_warming_variable_threshold_edc3,"Barker variable-threshold D-O warmings, EDC3 0-640 ka",Age kyr (EDC3),DO pick variable threshold,0.0,640.0,data/raw/Barker et al-2011-SOM.xls
477.28,1.0,83,barker_variable_threshold_edc3_0_640,barker_do_warming_variable_threshold_edc3,"Barker variable-threshold D-O warmings, EDC3 0-640 ka",Age kyr (EDC3),DO pick variable threshold,0.0,640.0,data/raw/Barker et al-2011-SOM.xls
488.7,1.0,84,barker_variable_threshold_edc3_0_640,barker_do_warming_variable_threshold_edc3,"Barker variable-threshold D-O warmings, EDC3 0-640 ka",Age kyr (EDC3),DO pick variable threshold,0.0,640.0,data/raw/Barker et al-2011-SOM.xls
504.62,1.0,85,barker_variable_threshold_edc3_0_640,barker_do_warming_variable_threshold_edc3,"Barker variable-threshold D-O warmings, EDC3 0-640 ka",Age kyr (EDC3),DO pick variable threshold,0.0,640.0,data/raw/Barker et al-2011-SOM.xls
507.9,1.0,86,barker_variable_threshold_edc3_0_640,barker_do_warming_variable_threshold_edc3,"Barker variable-threshold D-O warmings, EDC3 0-640 ka",Age kyr (EDC3),DO pick variable threshold,0.0,640.0,data/raw/Barker et al-2011-SOM.xls
515.92,1.0,87,barker_variable_threshold_edc3_0_640,barker_do_warming_variable_threshold_edc3,"Barker variable-threshold D-O warmings, EDC3 0-640 ka",Age kyr (EDC3),DO pick variable threshold,0.0,640.0,data/raw/Barker et al-2011-SOM.xls
522.08,1.0,88,barker_variable_threshold_edc3_0_640,barker_do_warming_variable_threshold_edc3,"Barker variable-threshold D-O warmings, EDC3 0-640 ka",Age kyr (EDC3),DO pick variable threshold,0.0,640.0,data/raw/Barker et al-2011-SOM.xls
528.66,1.0,89,barker_variable_threshold_edc3_0_640,barker_do_warming_variable_threshold_edc3,"Barker variable-threshold D-O warmings, EDC3 0-640 ka",Age kyr (EDC3),DO pick variable threshold,0.0,640.0,data/raw/Barker et al-2011-SOM.xls
537.84,1.0,90,barker_variable_threshold_edc3_0_640,barker_do_warming_variable_threshold_edc3,"Barker variable-threshold D-O warmings, EDC3 0-640 ka",Age kyr (EDC3),DO pick variable threshold,0.0,640.0,data/raw/Barker et al-2011-SOM.xls
547.84,1.0,91,barker_variable_threshold_edc3_0_640,barker_do_warming_variable_threshold_edc3,"Barker variable-threshold D-O warmings, EDC3 0-640 ka",Age kyr (EDC3),DO pick variable threshold,0.0,640.0,data/raw/Barker et al-2011-SOM.xls
550.64,1.0,92,barker_variable_threshold_edc3_0_640,barker_do_warming_variable_threshold_edc3,"Barker variable-threshold D-O warmings, EDC3 0-640 ka",Age kyr (EDC3),DO pick variable threshold,0.0,640.0,data/raw/Barker et al-2011-SOM.xls
555.64,1.0,93,barker_variable_threshold_edc3_0_640,barker_do_warming_variable_threshold_edc3,"Barker variable-threshold D-O warmings, EDC3 0-640 ka",Age kyr (EDC3),DO pick variable threshold,0.0,640.0,data/raw/Barker et al-2011-SOM.xls
579.92,1.0,94,barker_variable_threshold_edc3_0_640,barker_do_warming_variable_threshold_edc3,"Barker variable-threshold D-O warmings, EDC3 0-640 ka",Age kyr (EDC3),DO pick variable threshold,0.0,640.0,data/raw/Barker et al-2011-SOM.xls
584.92,1.0,95,barker_variable_threshold_edc3_0_640,barker_do_warming_variable_threshold_edc3,"Barker variable-threshold D-O warmings, EDC3 0-640 ka",Age kyr (EDC3),DO pick variable threshold,0.0,640.0,data/raw/Barker et al-2011-SOM.xls
586.24,1.0,96,barker_variable_threshold_edc3_0_640,barker_do_warming_variable_threshold_edc3,"Barker variable-threshold D-O warmings, EDC3 0-640 ka",Age kyr (EDC3),DO pick variable threshold,0.0,640.0,data/raw/Barker et al-2011-SOM.xls
590.38,1.0,97,barker_variable_threshold_edc3_0_640,barker_do_warming_variable_threshold_edc3,"Barker variable-threshold D-O warmings, EDC3 0-640 ka",Age kyr (EDC3),DO pick variable threshold,0.0,640.0,data/raw/Barker et al-2011-SOM.xls
595.26,1.0,98,barker_variable_threshold_edc3_0_640,barker_do_warming_variable_threshold_edc3,"Barker variable-threshold D-O warmings, EDC3 0-640 ka",Age kyr (EDC3),DO pick variable threshold,0.0,640.0,data/raw/Barker et al-2011-SOM.xls
601.92,1.0,99,barker_variable_threshold_edc3_0_640,barker_do_warming_variable_threshold_edc3,"Barker variable-threshold D-O warmings, EDC3 0-640 ka",Age kyr (EDC3),DO pick variable threshold,0.0,640.0,data/raw/Barker et al-2011-SOM.xls
618.6,1.0,100,barker_variable_threshold_edc3_0_640,barker_do_warming_variable_threshold_edc3,"Barker variable-threshold D-O warmings, EDC3 0-640 ka",Age kyr (EDC3),DO pick variable threshold,0.0,640.0,data/raw/Barker et al-2011-SOM.xls
621.02,1.0,101,barker_variable_threshold_edc3_0_640,barker_do_warming_variable_threshold_edc3,"Barker variable-threshold D-O warmings, EDC3 0-640 ka",Age kyr (EDC3),DO pick variable threshold,0.0,640.0,data/raw/Barker et al-2011-SOM.xls
625.78,1.0,102,barker_variable_threshold_edc3_0_640,barker_do_warming_variable_threshold_edc3,"Barker variable-threshold D-O warmings, EDC3 0-640 ka",Age kyr (EDC3),DO pick variable threshold,0.0,640.0,data/raw/Barker et al-2011-SOM.xls
634.0,1.0,103,barker_variable_threshold_edc3_0_640,barker_do_warming_variable_threshold_edc3,"Barker variable-threshold D-O warmings, EDC3 0-640 ka",Age kyr (EDC3),DO pick variable threshold,0.0,640.0,data/raw/Barker et al-2011-SOM.xls
637.98,1.0,104,barker_variable_threshold_edc3_0_640,barker_do_warming_variable_threshold_edc3,"Barker variable-threshold D-O warmings, EDC3 0-640 ka",Age kyr (EDC3),DO pick variable threshold,0.0,640.0,data/raw/Barker et al-2011-SOM.xls
11.5,1.0,1,barker_variable_threshold_edc3_0_800,barker_do_warming_variable_threshold_edc3_0_800,"Barker variable-threshold D-O warmings, EDC3 0-800 ka",Age kyr (EDC3),DO pick variable threshold,0.0,800.0,data/raw/Barker et al-2011-SOM.xls
14.3,1.0,2,barker_variable_threshold_edc3_0_800,barker_do_warming_variable_threshold_edc3_0_800,"Barker variable-threshold D-O warmings, EDC3 0-800 ka",Age kyr (EDC3),DO pick variable threshold,0.0,800.0,data/raw/Barker et al-2011-SOM.xls
27.38,1.0,3,barker_variable_threshold_edc3_0_800,barker_do_warming_variable_threshold_edc3_0_800,"Barker variable-threshold D-O warmings, EDC3 0-800 ka",Age kyr (EDC3),DO pick variable threshold,0.0,800.0,data/raw/Barker et al-2011-SOM.xls
29.26,1.0,4,barker_variable_threshold_edc3_0_800,barker_do_warming_variable_threshold_edc3_0_800,"Barker variable-threshold D-O warmings, EDC3 0-800 ka",Age kyr (EDC3),DO pick variable threshold,0.0,800.0,data/raw/Barker et al-2011-SOM.xls
32.02,1.0,5,barker_variable_threshold_edc3_0_800,barker_do_warming_variable_threshold_edc3_0_800,"Barker variable-threshold D-O warmings, EDC3 0-800 ka",Age kyr (EDC3),DO pick variable threshold,0.0,800.0,data/raw/Barker et al-2011-SOM.xls
33.34,1.0,6,barker_variable_threshold_edc3_0_800,barker_do_warming_variable_threshold_edc3_0_800,"Barker variable-threshold D-O warmings, EDC3 0-800 ka",Age kyr (EDC3),DO pick variable threshold,0.0,800.0,data/raw/Barker et al-2011-SOM.xls
35.02,1.0,7,barker_variable_threshold_edc3_0_800,barker_do_warming_variable_threshold_edc3_0_800,"Barker variable-threshold D-O warmings, EDC3 0-800 ka",Age kyr (EDC3),DO pick variable threshold,0.0,800.0,data/raw/Barker et al-2011-SOM.xls
37.78,1.0,8,barker_variable_threshold_edc3_0_800,barker_do_warming_variable_threshold_edc3_0_800,"Barker variable-threshold D-O warmings, EDC3 0-800 ka",Age kyr (EDC3),DO pick variable threshold,0.0,800.0,data/raw/Barker et al-2011-SOM.xls
38.68,1.0,9,barker_variable_threshold_edc3_0_800,barker_do_warming_variable_threshold_edc3_0_800,"Barker variable-threshold D-O warmings, EDC3 0-800 ka",Age kyr (EDC3),DO pick variable threshold,0.0,800.0,data/raw/Barker et al-2011-SOM.xls
41.3,1.0,10,barker_variable_threshold_edc3_0_800,barker_do_warming_variable_threshold_edc3_0_800,"Barker variable-threshold D-O warmings, EDC3 0-800 ka",Age kyr (EDC3),DO pick variable threshold,0.0,800.0,data/raw/Barker et al-2011-SOM.xls
43.1,1.0,11,barker_variable_threshold_edc3_0_800,barker_do_warming_variable_threshold_edc3_0_800,"Barker variable-threshold D-O warmings, EDC3 0-800 ka",Age kyr (EDC3),DO pick variable threshold,0.0,800.0,data/raw/Barker et al-2011-SOM.xls
46.42,1.0,12,barker_variable_threshold_edc3_0_800,barker_do_warming_variable_threshold_edc3_0_800,"Barker variable-threshold D-O warmings, EDC3 0-800 ka",Age kyr (EDC3),DO pick variable threshold,0.0,800.0,data/raw/Barker et al-2011-SOM.xls
53.3,1.0,13,barker_variable_threshold_edc3_0_800,barker_do_warming_variable_threshold_edc3_0_800,"Barker variable-threshold D-O warmings, EDC3 0-800 ka",Age kyr (EDC3),DO pick variable threshold,0.0,800.0,data/raw/Barker et al-2011-SOM.xls
57.08,1.0,14,barker_variable_threshold_edc3_0_800,barker_do_warming_variable_threshold_edc3_0_800,"Barker variable-threshold D-O warmings, EDC3 0-800 ka",Age kyr (EDC3),DO pick variable threshold,0.0,800.0,data/raw/Barker et al-2011-SOM.xls
58.58,1.0,15,barker_variable_threshold_edc3_0_800,barker_do_warming_variable_threshold_edc3_0_800,"Barker variable-threshold D-O warmings, EDC3 0-800 ka",Age kyr (EDC3),DO pick variable threshold,0.0,800.0,data/raw/Barker et al-2011-SOM.xls
63.84,1.0,16,barker_variable_threshold_edc3_0_800,barker_do_warming_variable_threshold_edc3_0_800,"Barker variable-threshold D-O warmings, EDC3 0-800 ka",Age kyr (EDC3),DO pick variable threshold,0.0,800.0,data/raw/Barker et al-2011-SOM.xls
70.68,1.0,17,barker_variable_threshold_edc3_0_800,barker_do_warming_variable_threshold_edc3_0_800,"Barker variable-threshold D-O warmings, EDC3 0-800 ka",Age kyr (EDC3),DO pick variable threshold,0.0,800.0,data/raw/Barker et al-2011-SOM.xls
74.5,1.0,18,barker_variable_threshold_edc3_0_800,barker_do_warming_variable_threshold_edc3_0_800,"Barker variable-threshold D-O warmings, EDC3 0-800 ka",Age kyr (EDC3),DO pick variable threshold,0.0,800.0,data/raw/Barker et al-2011-SOM.xls
83.18,1.0,19,barker_variable_threshold_edc3_0_800,barker_do_warming_variable_threshold_edc3_0_800,"Barker variable-threshold D-O warmings, EDC3 0-800 ka",Age kyr (EDC3),DO pick variable threshold,0.0,800.0,data/raw/Barker et al-2011-SOM.xls
89.92,1.0,20,barker_variable_threshold_edc3_0_800,barker_do_warming_variable_threshold_edc3_0_800,"Barker variable-threshold D-O warmings, EDC3 0-800 ka",Age kyr (EDC3),DO pick variable threshold,0.0,800.0,data/raw/Barker et al-2011-SOM.xls
101.52,1.0,21,barker_variable_threshold_edc3_0_800,barker_do_warming_variable_threshold_edc3_0_800,"Barker variable-threshold D-O warmings, EDC3 0-800 ka",Age kyr (EDC3),DO pick variable threshold,0.0,800.0,data/raw/Barker et al-2011-SOM.xls
106.54,1.0,22,barker_variable_threshold_edc3_0_800,barker_do_warming_variable_threshold_edc3_0_800,"Barker variable-threshold D-O warmings, EDC3 0-800 ka",Age kyr (EDC3),DO pick variable threshold,0.0,800.0,data/raw/Barker et al-2011-SOM.xls
124.22,1.0,23,barker_variable_threshold_edc3_0_800,barker_do_warming_variable_threshold_edc3_0_800,"Barker variable-threshold D-O warmings, EDC3 0-800 ka",Age kyr (EDC3),DO pick variable threshold,0.0,800.0,data/raw/Barker et al-2011-SOM.xls
128.44,1.0,24,barker_variable_threshold_edc3_0_800,barker_do_warming_variable_threshold_edc3_0_800,"Barker variable-threshold D-O warmings, EDC3 0-800 ka",Age kyr (EDC3),DO pick variable threshold,0.0,800.0,data/raw/Barker et al-2011-SOM.xls
146.7,1.0,25,barker_variable_threshold_edc3_0_800,barker_do_warming_variable_threshold_edc3_0_800,"Barker variable-threshold D-O warmings, EDC3 0-800 ka",Age kyr (EDC3),DO pick variable threshold,0.0,800.0,data/raw/Barker et al-2011-SOM.xls
148.3,1.0,26,barker_variable_threshold_edc3_0_800,barker_do_warming_variable_threshold_edc3_0_800,"Barker variable-threshold D-O warmings, EDC3 0-800 ka",Age kyr (EDC3),DO pick variable threshold,0.0,800.0,data/raw/Barker et al-2011-SOM.xls
150.06,1.0,27,barker_variable_threshold_edc3_0_800,barker_do_warming_variable_threshold_edc3_0_800,"Barker variable-threshold D-O warmings, EDC3 0-800 ka",Age kyr (EDC3),DO pick variable threshold,0.0,800.0,data/raw/Barker et al-2011-SOM.xls
159.12,1.0,28,barker_variable_threshold_edc3_0_800,barker_do_warming_variable_threshold_edc3_0_800,"Barker variable-threshold D-O warmings, EDC3 0-800 ka",Age kyr (EDC3),DO pick variable threshold,0.0,800.0,data/raw/Barker et al-2011-SOM.xls
162.16,1.0,29,barker_variable_threshold_edc3_0_800,barker_do_warming_variable_threshold_edc3_0_800,"Barker variable-threshold D-O warmings, EDC3 0-800 ka",Age kyr (EDC3),DO pick variable threshold,0.0,800.0,data/raw/Barker et al-2011-SOM.xls
168.16,1.0,30,barker_variable_threshold_edc3_0_800,barker_do_warming_variable_threshold_edc3_0_800,"Barker variable-threshold D-O warmings, EDC3 0-800 ka",Age kyr (EDC3),DO pick variable threshold,0.0,800.0,data/raw/Barker et al-2011-SOM.xls
172.0,1.0,31,barker_variable_threshold_edc3_0_800,barker_do_warming_variable_threshold_edc3_0_800,"Barker variable-threshold D-O warmings, EDC3 0-800 ka",Age kyr (EDC3),DO pick variable threshold,0.0,800.0,data/raw/Barker et al-2011-SOM.xls
174.98,1.0,32,barker_variable_threshold_edc3_0_800,barker_do_warming_variable_threshold_edc3_0_800,"Barker variable-threshold D-O warmings, EDC3 0-800 ka",Age kyr (EDC3),DO pick variable threshold,0.0,800.0,data/raw/Barker et al-2011-SOM.xls
177.14,1.0,33,barker_variable_threshold_edc3_0_800,barker_do_warming_variable_threshold_edc3_0_800,"Barker variable-threshold D-O warmings, EDC3 0-800 ka",Age kyr (EDC3),DO pick variable threshold,0.0,800.0,data/raw/Barker et al-2011-SOM.xls
178.3,1.0,34,barker_variable_threshold_edc3_0_800,barker_do_warming_variable_threshold_edc3_0_800,"Barker variable-threshold D-O warmings, EDC3 0-800 ka",Age kyr (EDC3),DO pick variable threshold,0.0,800.0,data/raw/Barker et al-2011-SOM.xls
187.84,1.0,35,barker_variable_threshold_edc3_0_800,barker_do_warming_variable_threshold_edc3_0_800,"Barker variable-threshold D-O warmings, EDC3 0-800 ka",Age kyr (EDC3),DO pick variable threshold,0.0,800.0,data/raw/Barker et al-2011-SOM.xls
192.16,1.0,36,barker_variable_threshold_edc3_0_800,barker_do_warming_variable_threshold_edc3_0_800,"Barker variable-threshold D-O warmings, EDC3 0-800 ka",Age kyr (EDC3),DO pick variable threshold,0.0,800.0,data/raw/Barker et al-2011-SOM.xls
201.42,1.0,37,barker_variable_threshold_edc3_0_800,barker_do_warming_variable_threshold_edc3_0_800,"Barker variable-threshold D-O warmings, EDC3 0-800 ka",Age kyr (EDC3),DO pick variable threshold,0.0,800.0,data/raw/Barker et al-2011-SOM.xls
215.22,1.0,38,barker_variable_threshold_edc3_0_800,barker_do_warming_variable_threshold_edc3_0_800,"Barker variable-threshold D-O warmings, EDC3 0-800 ka",Age kyr (EDC3),DO pick variable threshold,0.0,800.0,data/raw/Barker et al-2011-SOM.xls
226.2,1.0,39,barker_variable_threshold_edc3_0_800,barker_do_warming_variable_threshold_edc3_0_800,"Barker variable-threshold D-O warmings, EDC3 0-800 ka",Age kyr (EDC3),DO pick variable threshold,0.0,800.0,data/raw/Barker et al-2011-SOM.xls
229.76,1.0,40,barker_variable_threshold_edc3_0_800,barker_do_warming_variable_threshold_edc3_0_800,"Barker variable-threshold D-O warmings, EDC3 0-800 ka",Age kyr (EDC3),DO pick variable threshold,0.0,800.0,data/raw/Barker et al-2011-SOM.xls
232.12,1.0,41,barker_variable_threshold_edc3_0_800,barker_do_warming_variable_threshold_edc3_0_800,"Barker variable-threshold D-O warmings, EDC3 0-800 ka",Age kyr (EDC3),DO pick variable threshold,0.0,800.0,data/raw/Barker et al-2011-SOM.xls
242.18,1.0,42,barker_variable_threshold_edc3_0_800,barker_do_warming_variable_threshold_edc3_0_800,"Barker variable-threshold D-O warmings, EDC3 0-800 ka",Age kyr (EDC3),DO pick variable threshold,0.0,800.0,data/raw/Barker et al-2011-SOM.xls
243.62,1.0,43,barker_variable_threshold_edc3_0_800,barker_do_warming_variable_threshold_edc3_0_800,"Barker variable-threshold D-O warmings, EDC3 0-800 ka",Age kyr (EDC3),DO pick variable threshold,0.0,800.0,data/raw/Barker et al-2011-SOM.xls
248.02,1.0,44,barker_variable_threshold_edc3_0_800,barker_do_warming_variable_threshold_edc3_0_800,"Barker variable-threshold D-O warmings, EDC3 0-800 ka",Age kyr (EDC3),DO pick variable threshold,0.0,800.0,data/raw/Barker et al-2011-SOM.xls
251.3,1.0,45,barker_variable_threshold_edc3_0_800,barker_do_warming_variable_threshold_edc3_0_800,"Barker variable-threshold D-O warmings, EDC3 0-800 ka",Age kyr (EDC3),DO pick variable threshold,0.0,800.0,data/raw/Barker et al-2011-SOM.xls
256.72,1.0,46,barker_variable_threshold_edc3_0_800,barker_do_warming_variable_threshold_edc3_0_800,"Barker variable-threshold D-O warmings, EDC3 0-800 ka",Age kyr (EDC3),DO pick variable threshold,0.0,800.0,data/raw/Barker et al-2011-SOM.xls
258.48,1.0,47,barker_variable_threshold_edc3_0_800,barker_do_warming_variable_threshold_edc3_0_800,"Barker variable-threshold D-O warmings, EDC3 0-800 ka",Age kyr (EDC3),DO pick variable threshold,0.0,800.0,data/raw/Barker et al-2011-SOM.xls
261.16,1.0,48,barker_variable_threshold_edc3_0_800,barker_do_warming_variable_threshold_edc3_0_800,"Barker variable-threshold D-O warmings, EDC3 0-800 ka",Age kyr (EDC3),DO pick variable threshold,0.0,800.0,data/raw/Barker et al-2011-SOM.xls
263.68,1.0,49,barker_variable_threshold_edc3_0_800,barker_do_warming_variable_threshold_edc3_0_800,"Barker variable-threshold D-O warmings, EDC3 0-800 ka",Age kyr (EDC3),DO pick variable threshold,0.0,800.0,data/raw/Barker et al-2011-SOM.xls
276.04,1.0,50,barker_variable_threshold_edc3_0_800,barker_do_warming_variable_threshold_edc3_0_800,"Barker variable-threshold D-O warmings, EDC3 0-800 ka",Age kyr (EDC3),DO pick variable threshold,0.0,800.0,data/raw/Barker et al-2011-SOM.xls
277.9,1.0,51,barker_variable_threshold_edc3_0_800,barker_do_warming_variable_threshold_edc3_0_800,"Barker variable-threshold D-O warmings, EDC3 0-800 ka",Age kyr (EDC3),DO pick variable threshold,0.0,800.0,data/raw/Barker et al-2011-SOM.xls
280.52,1.0,52,barker_variable_threshold_edc3_0_800,barker_do_warming_variable_threshold_edc3_0_800,"Barker variable-threshold D-O warmings, EDC3 0-800 ka",Age kyr (EDC3),DO pick variable threshold,0.0,800.0,data/raw/Barker et al-2011-SOM.xls
290.28,1.0,53,barker_variable_threshold_edc3_0_800,barker_do_warming_variable_threshold_edc3_0_800,"Barker variable-threshold D-O warmings, EDC3 0-800 ka",Age kyr (EDC3),DO pick variable threshold,0.0,800.0,data/raw/Barker et al-2011-SOM.xls
296.26,1.0,54,barker_variable_threshold_edc3_0_800,barker_do_warming_variable_threshold_edc3_0_800,"Barker variable-threshold D-O warmings, EDC3 0-800 ka",Age kyr (EDC3),DO pick variable threshold,0.0,800.0,data/raw/Barker et al-2011-SOM.xls
300.48,1.0,55,barker_variable_threshold_edc3_0_800,barker_do_warming_variable_threshold_edc3_0_800,"Barker variable-threshold D-O warmings, EDC3 0-800 ka",Age kyr (EDC3),DO pick variable threshold,0.0,800.0,data/raw/Barker et al-2011-SOM.xls
305.44,1.0,56,barker_variable_threshold_edc3_0_800,barker_do_warming_variable_threshold_edc3_0_800,"Barker variable-threshold D-O warmings, EDC3 0-800 ka",Age kyr (EDC3),DO pick variable threshold,0.0,800.0,data/raw/Barker et al-2011-SOM.xls
316.12,1.0,57,barker_variable_threshold_edc3_0_800,barker_do_warming_variable_threshold_edc3_0_800,"Barker variable-threshold D-O warmings, EDC3 0-800 ka",Age kyr (EDC3),DO pick variable threshold,0.0,800.0,data/raw/Barker et al-2011-SOM.xls
325.98,1.0,58,barker_variable_threshold_edc3_0_800,barker_do_warming_variable_threshold_edc3_0_800,"Barker variable-threshold D-O warmings, EDC3 0-800 ka",Age kyr (EDC3),DO pick variable threshold,0.0,800.0,data/raw/Barker et al-2011-SOM.xls
332.76,1.0,59,barker_variable_threshold_edc3_0_800,barker_do_warming_variable_threshold_edc3_0_800,"Barker variable-threshold D-O warmings, EDC3 0-800 ka",Age kyr (EDC3),DO pick variable threshold,0.0,800.0,data/raw/Barker et al-2011-SOM.xls
333.1,1.0,60,barker_variable_threshold_edc3_0_800,barker_do_warming_variable_threshold_edc3_0_800,"Barker variable-threshold D-O warmings, EDC3 0-800 ka",Age kyr (EDC3),DO pick variable threshold,0.0,800.0,data/raw/Barker et al-2011-SOM.xls
333.62,1.0,61,barker_variable_threshold_edc3_0_800,barker_do_warming_variable_threshold_edc3_0_800,"Barker variable-threshold D-O warmings, EDC3 0-800 ka",Age kyr (EDC3),DO pick variable threshold,0.0,800.0,data/raw/Barker et al-2011-SOM.xls
334.16,1.0,62,barker_variable_threshold_edc3_0_800,barker_do_warming_variable_threshold_edc3_0_800,"Barker variable-threshold D-O warmings, EDC3 0-800 ka",Age kyr (EDC3),DO pick variable threshold,0.0,800.0,data/raw/Barker et al-2011-SOM.xls
347.62,1.0,63,barker_variable_threshold_edc3_0_800,barker_do_warming_variable_threshold_edc3_0_800,"Barker variable-threshold D-O warmings, EDC3 0-800 ka",Age kyr (EDC3),DO pick variable threshold,0.0,800.0,data/raw/Barker et al-2011-SOM.xls
349.22,1.0,64,barker_variable_threshold_edc3_0_800,barker_do_warming_variable_threshold_edc3_0_800,"Barker variable-threshold D-O warmings, EDC3 0-800 ka",Age kyr (EDC3),DO pick variable threshold,0.0,800.0,data/raw/Barker et al-2011-SOM.xls
363.24,1.0,65,barker_variable_threshold_edc3_0_800,barker_do_warming_variable_threshold_edc3_0_800,"Barker variable-threshold D-O warmings, EDC3 0-800 ka",Age kyr (EDC3),DO pick variable threshold,0.0,800.0,data/raw/Barker et al-2011-SOM.xls
367.84,1.0,66,barker_variable_threshold_edc3_0_800,barker_do_warming_variable_threshold_edc3_0_800,"Barker variable-threshold D-O warmings, EDC3 0-800 ka",Age kyr (EDC3),DO pick variable threshold,0.0,800.0,data/raw/Barker et al-2011-SOM.xls
372.94,1.0,67,barker_variable_threshold_edc3_0_800,barker_do_warming_variable_threshold_edc3_0_800,"Barker variable-threshold D-O warmings, EDC3 0-800 ka",Age kyr (EDC3),DO pick variable threshold,0.0,800.0,data/raw/Barker et al-2011-SOM.xls
382.0,1.0,68,barker_variable_threshold_edc3_0_800,barker_do_warming_variable_threshold_edc3_0_800,"Barker variable-threshold D-O warmings, EDC3 0-800 ka",Age kyr (EDC3),DO pick variable threshold,0.0,800.0,data/raw/Barker et al-2011-SOM.xls
386.8,1.0,69,barker_variable_threshold_edc3_0_800,barker_do_warming_variable_threshold_edc3_0_800,"Barker variable-threshold D-O warmings, EDC3 0-800 ka",Age kyr (EDC3),DO pick variable threshold,0.0,800.0,data/raw/Barker et al-2011-SOM.xls
390.96,1.0,70,barker_variable_threshold_edc3_0_800,barker_do_warming_variable_threshold_edc3_0_800,"Barker variable-threshold D-O warmings, EDC3 0-800 ka",Age kyr (EDC3),DO pick variable threshold,0.0,800.0,data/raw/Barker et al-2011-SOM.xls
424.9,1.0,71,barker_variable_threshold_edc3_0_800,barker_do_warming_variable_threshold_edc3_0_800,"Barker variable-threshold D-O warmings, EDC3 0-800 ka",Age kyr (EDC3),DO pick variable threshold,0.0,800.0,data/raw/Barker et al-2011-SOM.xls
426.96,1.0,72,barker_variable_threshold_edc3_0_800,barker_do_warming_variable_threshold_edc3_0_800,"Barker variable-threshold D-O warmings, EDC3 0-800 ka",Age kyr (EDC3),DO pick variable threshold,0.0,800.0,data/raw/Barker et al-2011-SOM.xls
435.92,1.0,73,barker_variable_threshold_edc3_0_800,barker_do_warming_variable_threshold_edc3_0_800,"Barker variable-threshold D-O warmings, EDC3 0-800 ka",Age kyr (EDC3),DO pick variable threshold,0.0,800.0,data/raw/Barker et al-2011-SOM.xls
438.82,1.0,74,barker_variable_threshold_edc3_0_800,barker_do_warming_variable_threshold_edc3_0_800,"Barker variable-threshold D-O warmings, EDC3 0-800 ka",Age kyr (EDC3),DO pick variable threshold,0.0,800.0,data/raw/Barker et al-2011-SOM.xls
443.88,1.0,75,barker_variable_threshold_edc3_0_800,barker_do_warming_variable_threshold_edc3_0_800,"Barker variable-threshold D-O warmings, EDC3 0-800 ka",Age kyr (EDC3),DO pick variable threshold,0.0,800.0,data/raw/Barker et al-2011-SOM.xls
447.54,1.0,76,barker_variable_threshold_edc3_0_800,barker_do_warming_variable_threshold_edc3_0_800,"Barker variable-threshold D-O warmings, EDC3 0-800 ka",Age kyr (EDC3),DO pick variable threshold,0.0,800.0,data/raw/Barker et al-2011-SOM.xls
451.94,1.0,77,barker_variable_threshold_edc3_0_800,barker_do_warming_variable_threshold_edc3_0_800,"Barker variable-threshold D-O warmings, EDC3 0-800 ka",Age kyr (EDC3),DO pick variable threshold,0.0,800.0,data/raw/Barker et al-2011-SOM.xls
454.12,1.0,78,barker_variable_threshold_edc3_0_800,barker_do_warming_variable_threshold_edc3_0_800,"Barker variable-threshold D-O warmings, EDC3 0-800 ka",Age kyr (EDC3),DO pick variable threshold,0.0,800.0,data/raw/Barker et al-2011-SOM.xls
462.46,1.0,79,barker_variable_threshold_edc3_0_800,barker_do_warming_variable_threshold_edc3_0_800,"Barker variable-threshold D-O warmings, EDC3 0-800 ka",Age kyr (EDC3),DO pick variable threshold,0.0,800.0,data/raw/Barker et al-2011-SOM.xls
467.14,1.0,80,barker_variable_threshold_edc3_0_800,barker_do_warming_variable_threshold_edc3_0_800,"Barker variable-threshold D-O warmings, EDC3 0-800 ka",Age kyr (EDC3),DO pick variable threshold,0.0,800.0,data/raw/Barker et al-2011-SOM.xls
469.28,1.0,81,barker_variable_threshold_edc3_0_800,barker_do_warming_variable_threshold_edc3_0_800,"Barker variable-threshold D-O warmings, EDC3 0-800 ka",Age kyr (EDC3),DO pick variable threshold,0.0,800.0,data/raw/Barker et al-2011-SOM.xls
472.24,1.0,82,barker_variable_threshold_edc3_0_800,barker_do_warming_variable_threshold_edc3_0_800,"Barker variable-threshold D-O warmings, EDC3 0-800 ka",Age kyr (EDC3),DO pick variable threshold,0.0,800.0,data/raw/Barker et al-2011-SOM.xls
477.28,1.0,83,barker_variable_threshold_edc3_0_800,barker_do_warming_variable_threshold_edc3_0_800,"Barker variable-threshold D-O warmings, EDC3 0-800 ka",Age kyr (EDC3),DO pick variable threshold,0.0,800.0,data/raw/Barker et al-2011-SOM.xls
488.7,1.0,84,barker_variable_threshold_edc3_0_800,barker_do_warming_variable_threshold_edc3_0_800,"Barker variable-threshold D-O warmings, EDC3 0-800 ka",Age kyr (EDC3),DO pick variable threshold,0.0,800.0,data/raw/Barker et al-2011-SOM.xls
504.62,1.0,85,barker_variable_threshold_edc3_0_800,barker_do_warming_variable_threshold_edc3_0_800,"Barker variable-threshold D-O warmings, EDC3 0-800 ka",Age kyr (EDC3),DO pick variable threshold,0.0,800.0,data/raw/Barker et al-2011-SOM.xls
507.9,1.0,86,barker_variable_threshold_edc3_0_800,barker_do_warming_variable_threshold_edc3_0_800,"Barker variable-threshold D-O warmings, EDC3 0-800 ka",Age kyr (EDC3),DO pick variable threshold,0.0,800.0,data/raw/Barker et al-2011-SOM.xls
515.92,1.0,87,barker_variable_threshold_edc3_0_800,barker_do_warming_variable_threshold_edc3_0_800,"Barker variable-threshold D-O warmings, EDC3 0-800 ka",Age kyr (EDC3),DO pick variable threshold,0.0,800.0,data/raw/Barker et al-2011-SOM.xls
522.08,1.0,88,barker_variable_threshold_edc3_0_800,barker_do_warming_variable_threshold_edc3_0_800,"Barker variable-threshold D-O warmings, EDC3 0-800 ka",Age kyr (EDC3),DO pick variable threshold,0.0,800.0,data/raw/Barker et al-2011-SOM.xls
528.66,1.0,89,barker_variable_threshold_edc3_0_800,barker_do_warming_variable_threshold_edc3_0_800,"Barker variable-threshold D-O warmings, EDC3 0-800 ka",Age kyr (EDC3),DO pick variable threshold,0.0,800.0,data/raw/Barker et al-2011-SOM.xls
537.84,1.0,90,barker_variable_threshold_edc3_0_800,barker_do_warming_variable_threshold_edc3_0_800,"Barker variable-threshold D-O warmings, EDC3 0-800 ka",Age kyr (EDC3),DO pick variable threshold,0.0,800.0,data/raw/Barker et al-2011-SOM.xls
547.84,1.0,91,barker_variable_threshold_edc3_0_800,barker_do_warming_variable_threshold_edc3_0_800,"Barker variable-threshold D-O warmings, EDC3 0-800 ka",Age kyr (EDC3),DO pick variable threshold,0.0,800.0,data/raw/Barker et al-2011-SOM.xls
550.64,1.0,92,barker_variable_threshold_edc3_0_800,barker_do_warming_variable_threshold_edc3_0_800,"Barker variable-threshold D-O warmings, EDC3 0-800 ka",Age kyr (EDC3),DO pick variable threshold,0.0,800.0,data/raw/Barker et al-2011-SOM.xls
555.64,1.0,93,barker_variable_threshold_edc3_0_800,barker_do_warming_variable_threshold_edc3_0_800,"Barker variable-threshold D-O warmings, EDC3 0-800 ka",Age kyr (EDC3),DO pick variable threshold,0.0,800.0,data/raw/Barker et al-2011-SOM.xls
579.92,1.0,94,barker_variable_threshold_edc3_0_800,barker_do_warming_variable_threshold_edc3_0_800,"Barker variable-threshold D-O warmings, EDC3 0-800 ka",Age kyr (EDC3),DO pick variable threshold,0.0,800.0,data/raw/Barker et al-2011-SOM.xls
584.92,1.0,95,barker_variable_threshold_edc3_0_800,barker_do_warming_variable_threshold_edc3_0_800,"Barker variable-threshold D-O warmings, EDC3 0-800 ka",Age kyr (EDC3),DO pick variable threshold,0.0,800.0,data/raw/Barker et al-2011-SOM.xls
586.24,1.0,96,barker_variable_threshold_edc3_0_800,barker_do_warming_variable_threshold_edc3_0_800,"Barker variable-threshold D-O warmings, EDC3 0-800 ka",Age kyr (EDC3),DO pick variable threshold,0.0,800.0,data/raw/Barker et al-2011-SOM.xls
590.38,1.0,97,barker_variable_threshold_edc3_0_800,barker_do_warming_variable_threshold_edc3_0_800,"Barker variable-threshold D-O warmings, EDC3 0-800 ka",Age kyr (EDC3),DO pick variable threshold,0.0,800.0,data/raw/Barker et al-2011-SOM.xls
595.26,1.0,98,barker_variable_threshold_edc3_0_800,barker_do_warming_variable_threshold_edc3_0_800,"Barker variable-threshold D-O warmings, EDC3 0-800 ka",Age kyr (EDC3),DO pick variable threshold,0.0,800.0,data/raw/Barker et al-2011-SOM.xls
601.92,1.0,99,barker_variable_threshold_edc3_0_800,barker_do_warming_variable_threshold_edc3_0_800,"Barker variable-threshold D-O warmings, EDC3 0-800 ka",Age kyr (EDC3),DO pick variable threshold,0.0,800.0,data/raw/Barker et al-2011-SOM.xls
618.6,1.0,100,barker_variable_threshold_edc3_0_800,barker_do_warming_variable_threshold_edc3_0_800,"Barker variable-threshold D-O warmings, EDC3 0-800 ka",Age kyr (EDC3),DO pick variable threshold,0.0,800.0,data/raw/Barker et al-2011-SOM.xls
621.02,1.0,101,barker_variable_threshold_edc3_0_800,barker_do_warming_variable_threshold_edc3_0_800,"Barker variable-threshold D-O warmings, EDC3 0-800 ka",Age kyr (EDC3),DO pick variable threshold,0.0,800.0,data/raw/Barker et al-2011-SOM.xls
625.78,1.0,102,barker_variable_threshold_edc3_0_800,barker_do_warming_variable_threshold_edc3_0_800,"Barker variable-threshold D-O warmings, EDC3 0-800 ka",Age kyr (EDC3),DO pick variable threshold,0.0,800.0,data/raw/Barker et al-2011-SOM.xls
634.0,1.0,103,barker_variable_threshold_edc3_0_800,barker_do_warming_variable_threshold_edc3_0_800,"Barker variable-threshold D-O warmings, EDC3 0-800 ka",Age kyr (EDC3),DO pick variable threshold,0.0,800.0,data/raw/Barker et al-2011-SOM.xls
637.98,1.0,104,barker_variable_threshold_edc3_0_800,barker_do_warming_variable_threshold_edc3_0_800,"Barker variable-threshold D-O warmings, EDC3 0-800 ka",Age kyr (EDC3),DO pick variable threshold,0.0,800.0,data/raw/Barker et al-2011-SOM.xls
643.28,1.0,105,barker_variable_threshold_edc3_0_800,barker_do_warming_variable_threshold_edc3_0_800,"Barker variable-threshold D-O warmings, EDC3 0-800 ka",Age kyr (EDC3),DO pick variable threshold,0.0,800.0,data/raw/Barker et al-2011-SOM.xls
644.52,1.0,106,barker_variable_threshold_edc3_0_800,barker_do_warming_variable_threshold_edc3_0_800,"Barker variable-threshold D-O warmings, EDC3 0-800 ka",Age kyr (EDC3),DO pick variable threshold,0.0,800.0,data/raw/Barker et al-2011-SOM.xls
650.0,1.0,107,barker_variable_threshold_edc3_0_800,barker_do_warming_variable_threshold_edc3_0_800,"Barker variable-threshold D-O warmings, EDC3 0-800 ka",Age kyr (EDC3),DO pick variable threshold,0.0,800.0,data/raw/Barker et al-2011-SOM.xls
652.1,1.0,108,barker_variable_threshold_edc3_0_800,barker_do_warming_variable_threshold_edc3_0_800,"Barker variable-threshold D-O warmings, EDC3 0-800 ka",Age kyr (EDC3),DO pick variable threshold,0.0,800.0,data/raw/Barker et al-2011-SOM.xls
656.84,1.0,109,barker_variable_threshold_edc3_0_800,barker_do_warming_variable_threshold_edc3_0_800,"Barker variable-threshold D-O warmings, EDC3 0-800 ka",Age kyr (EDC3),DO pick variable threshold,0.0,800.0,data/raw/Barker et al-2011-SOM.xls
660.42,1.0,110,barker_variable_threshold_edc3_0_800,barker_do_warming_variable_threshold_edc3_0_800,"Barker variable-threshold D-O warmings, EDC3 0-800 ka",Age kyr (EDC3),DO pick variable threshold,0.0,800.0,data/raw/Barker et al-2011-SOM.xls
663.88,1.0,111,barker_variable_threshold_edc3_0_800,barker_do_warming_variable_threshold_edc3_0_800,"Barker variable-threshold D-O warmings, EDC3 0-800 ka",Age kyr (EDC3),DO pick variable threshold,0.0,800.0,data/raw/Barker et al-2011-SOM.xls
670.34,1.0,112,barker_variable_threshold_edc3_0_800,barker_do_warming_variable_threshold_edc3_0_800,"Barker variable-threshold D-O warmings, EDC3 0-800 ka",Age kyr (EDC3),DO pick variable threshold,0.0,800.0,data/raw/Barker et al-2011-SOM.xls
676.4,1.0,113,barker_variable_threshold_edc3_0_800,barker_do_warming_variable_threshold_edc3_0_800,"Barker variable-threshold D-O warmings, EDC3 0-800 ka",Age kyr (EDC3),DO pick variable threshold,0.0,800.0,data/raw/Barker et al-2011-SOM.xls
679.06,1.0,114,barker_variable_threshold_edc3_0_800,barker_do_warming_variable_threshold_edc3_0_800,"Barker variable-threshold D-O warmings, EDC3 0-800 ka",Age kyr (EDC3),DO pick variable threshold,0.0,800.0,data/raw/Barker et al-2011-SOM.xls
682.88,1.0,115,barker_variable_threshold_edc3_0_800,barker_do_warming_variable_threshold_edc3_0_800,"Barker variable-threshold D-O warmings, EDC3 0-800 ka",Age kyr (EDC3),DO pick variable threshold,0.0,800.0,data/raw/Barker et al-2011-SOM.xls
693.5,1.0,116,barker_variable_threshold_edc3_0_800,barker_do_warming_variable_threshold_edc3_0_800,"Barker variable-threshold D-O warmings, EDC3 0-800 ka",Age kyr (EDC3),DO pick variable threshold,0.0,800.0,data/raw/Barker et al-2011-SOM.xls
701.8,1.0,117,barker_variable_threshold_edc3_0_800,barker_do_warming_variable_threshold_edc3_0_800,"Barker variable-threshold D-O warmings, EDC3 0-800 ka",Age kyr (EDC3),DO pick variable threshold,0.0,800.0,data/raw/Barker et al-2011-SOM.xls
714.94,1.0,118,barker_variable_threshold_edc3_0_800,barker_do_warming_variable_threshold_edc3_0_800,"Barker variable-threshold D-O warmings, EDC3 0-800 ka",Age kyr (EDC3),DO pick variable threshold,0.0,800.0,data/raw/Barker et al-2011-SOM.xls
724.8,1.0,119,barker_variable_threshold_edc3_0_800,barker_do_warming_variable_threshold_edc3_0_800,"Barker variable-threshold D-O warmings, EDC3 0-800 ka",Age kyr (EDC3),DO pick variable threshold,0.0,800.0,data/raw/Barker et al-2011-SOM.xls
725.94,1.0,120,barker_variable_threshold_edc3_0_800,barker_do_warming_variable_threshold_edc3_0_800,"Barker variable-threshold D-O warmings, EDC3 0-800 ka",Age kyr (EDC3),DO pick variable threshold,0.0,800.0,data/raw/Barker et al-2011-SOM.xls
736.18,1.0,121,barker_variable_threshold_edc3_0_800,barker_do_warming_variable_threshold_edc3_0_800,"Barker variable-threshold D-O warmings, EDC3 0-800 ka",Age kyr (EDC3),DO pick variable threshold,0.0,800.0,data/raw/Barker et al-2011-SOM.xls
757.46,1.0,122,barker_variable_threshold_edc3_0_800,barker_do_warming_variable_threshold_edc3_0_800,"Barker variable-threshold D-O warmings, EDC3 0-800 ka",Age kyr (EDC3),DO pick variable threshold,0.0,800.0,data/raw/Barker et al-2011-SOM.xls
764.24,1.0,123,barker_variable_threshold_edc3_0_800,barker_do_warming_variable_threshold_edc3_0_800,"Barker variable-threshold D-O warmings, EDC3 0-800 ka",Age kyr (EDC3),DO pick variable threshold,0.0,800.0,data/raw/Barker et al-2011-SOM.xls
770.24,1.0,124,barker_variable_threshold_edc3_0_800,barker_do_warming_variable_threshold_edc3_0_800,"Barker variable-threshold D-O warmings, EDC3 0-800 ka",Age kyr (EDC3),DO pick variable threshold,0.0,800.0,data/raw/Barker et al-2011-SOM.xls
787.44,1.0,125,barker_variable_threshold_edc3_0_800,barker_do_warming_variable_threshold_edc3_0_800,"Barker variable-threshold D-O warmings, EDC3 0-800 ka",Age kyr (EDC3),DO pick variable threshold,0.0,800.0,data/raw/Barker et al-2011-SOM.xls
799.0,1.0,126,barker_variable_threshold_edc3_0_800,barker_do_warming_variable_threshold_edc3_0_800,"Barker variable-threshold D-O warmings, EDC3 0-800 ka",Age kyr (EDC3),DO pick variable threshold,0.0,800.0,data/raw/Barker et al-2011-SOM.xls
11.402407613184174,1.0,1,barker_variable_threshold_speleo_0_400,barker_do_warming_variable_threshold_speleo,"Barker variable-threshold D-O warmings, SpeleoAge 0-400 ka",SpeloAge (kyr).1,DO pick variable threshold,0.0,400.0,data/raw/Barker et al-2011-SOM.xls
14.572905393916493,1.0,2,barker_variable_threshold_speleo_0_400,barker_do_warming_variable_threshold_speleo,"Barker variable-threshold D-O warmings, SpeleoAge 0-400 ka",SpeloAge (kyr).1,DO pick variable threshold,0.0,400.0,data/raw/Barker et al-2011-SOM.xls
27.9793910080915,1.0,3,barker_variable_threshold_speleo_0_400,barker_do_warming_variable_threshold_speleo,"Barker variable-threshold D-O warmings, SpeleoAge 0-400 ka",SpeloAge (kyr).1,DO pick variable threshold,0.0,400.0,data/raw/Barker et al-2011-SOM.xls
29.831152498377676,1.0,4,barker_variable_threshold_speleo_0_400,barker_do_warming_variable_threshold_speleo,"Barker variable-threshold D-O warmings, SpeleoAge 0-400 ka",SpeloAge (kyr).1,DO pick variable threshold,0.0,400.0,data/raw/Barker et al-2011-SOM.xls
32.919723059451826,1.0,5,barker_variable_threshold_speleo_0_400,barker_do_warming_variable_threshold_speleo,"Barker variable-threshold D-O warmings, SpeleoAge 0-400 ka",SpeloAge (kyr).1,DO pick variable threshold,0.0,400.0,data/raw/Barker et al-2011-SOM.xls
33.89269230769231,1.0,6,barker_variable_threshold_speleo_0_400,barker_do_warming_variable_threshold_speleo,"Barker variable-threshold D-O warmings, SpeleoAge 0-400 ka",SpeloAge (kyr).1,DO pick variable threshold,0.0,400.0,data/raw/Barker et al-2011-SOM.xls
35.39842363460608,1.0,7,barker_variable_threshold_speleo_0_400,barker_do_warming_variable_threshold_speleo,"Barker variable-threshold D-O warmings, SpeleoAge 0-400 ka",SpeloAge (kyr).1,DO pick variable threshold,0.0,400.0,data/raw/Barker et al-2011-SOM.xls
37.459285386819474,1.0,8,barker_variable_threshold_speleo_0_400,barker_do_warming_variable_threshold_speleo,"Barker variable-threshold D-O warmings, SpeleoAge 0-400 ka",SpeloAge (kyr).1,DO pick variable threshold,0.0,400.0,data/raw/Barker et al-2011-SOM.xls
38.56610487106016,1.0,9,barker_variable_threshold_speleo_0_400,barker_do_warming_variable_threshold_speleo,"Barker variable-threshold D-O warmings, SpeleoAge 0-400 ka",SpeloAge (kyr).1,DO pick variable threshold,0.0,400.0,data/raw/Barker et al-2011-SOM.xls
41.7,1.0,10,barker_variable_threshold_speleo_0_400,barker_do_warming_variable_threshold_speleo,"Barker variable-threshold D-O warmings, SpeleoAge 0-400 ka",SpeloAge (kyr).1,DO pick variable threshold,0.0,400.0,data/raw/Barker et al-2011-SOM.xls
43.69368493150685,1.0,11,barker_variable_threshold_speleo_0_400,barker_do_warming_variable_threshold_speleo,"Barker variable-threshold D-O warmings, SpeleoAge 0-400 ka",SpeloAge (kyr).1,DO pick variable threshold,0.0,400.0,data/raw/Barker et al-2011-SOM.xls
47.59259421182266,1.0,12,barker_variable_threshold_speleo_0_400,barker_do_warming_variable_threshold_speleo,"Barker variable-threshold D-O warmings, SpeleoAge 0-400 ka",SpeloAge (kyr).1,DO pick variable threshold,0.0,400.0,data/raw/Barker et al-2011-SOM.xls
53.86740350377438,1.0,13,barker_variable_threshold_speleo_0_400,barker_do_warming_variable_threshold_speleo,"Barker variable-threshold D-O warmings, SpeleoAge 0-400 ka",SpeloAge (kyr).1,DO pick variable threshold,0.0,400.0,data/raw/Barker et al-2011-SOM.xls
57.659007848363686,1.0,14,barker_variable_threshold_speleo_0_400,barker_do_warming_variable_threshold_speleo,"Barker variable-threshold D-O warmings, SpeleoAge 0-400 ka",SpeloAge (kyr).1,DO pick variable threshold,0.0,400.0,data/raw/Barker et al-2011-SOM.xls
59.30156174121076,1.0,15,barker_variable_threshold_speleo_0_400,barker_do_warming_variable_threshold_speleo,"Barker variable-threshold D-O warmings, SpeleoAge 0-400 ka",SpeloAge (kyr).1,DO pick variable threshold,0.0,400.0,data/raw/Barker et al-2011-SOM.xls
64.65434996081451,1.0,16,barker_variable_threshold_speleo_0_400,barker_do_warming_variable_threshold_speleo,"Barker variable-threshold D-O warmings, SpeleoAge 0-400 ka",SpeloAge (kyr).1,DO pick variable threshold,0.0,400.0,data/raw/Barker et al-2011-SOM.xls
71.61500992699125,1.0,17,barker_variable_threshold_speleo_0_400,barker_do_warming_variable_threshold_speleo,"Barker variable-threshold D-O warmings, SpeleoAge 0-400 ka",SpeloAge (kyr).1,DO pick variable threshold,0.0,400.0,data/raw/Barker et al-2011-SOM.xls
75.81552948948948,1.0,18,barker_variable_threshold_speleo_0_400,barker_do_warming_variable_threshold_speleo,"Barker variable-threshold D-O warmings, SpeleoAge 0-400 ka",SpeloAge (kyr).1,DO pick variable threshold,0.0,400.0,data/raw/Barker et al-2011-SOM.xls
83.58291495284391,1.0,19,barker_variable_threshold_speleo_0_400,barker_do_warming_variable_threshold_speleo,"Barker variable-threshold D-O warmings, SpeleoAge 0-400 ka",SpeloAge (kyr).1,DO pick variable threshold,0.0,400.0,data/raw/Barker et al-2011-SOM.xls
90.66614054416556,1.0,20,barker_variable_threshold_speleo_0_400,barker_do_warming_variable_threshold_speleo,"Barker variable-threshold D-O warmings, SpeleoAge 0-400 ka",SpeloAge (kyr).1,DO pick variable threshold,0.0,400.0,data/raw/Barker et al-2011-SOM.xls
103.35484795138207,1.0,21,barker_variable_threshold_speleo_0_400,barker_do_warming_variable_threshold_speleo,"Barker variable-threshold D-O warmings, SpeleoAge 0-400 ka",SpeloAge (kyr).1,DO pick variable threshold,0.0,400.0,data/raw/Barker et al-2011-SOM.xls
109.77761542012928,1.0,22,barker_variable_threshold_speleo_0_400,barker_do_warming_variable_threshold_speleo,"Barker variable-threshold D-O warmings, SpeleoAge 0-400 ka",SpeloAge (kyr).1,DO pick variable threshold,0.0,400.0,data/raw/Barker et al-2011-SOM.xls
125.32790820673185,1.0,23,barker_variable_threshold_speleo_0_400,barker_do_warming_variable_threshold_speleo,"Barker variable-threshold D-O warmings, SpeleoAge 0-400 ka",SpeloAge (kyr).1,DO pick variable threshold,0.0,400.0,data/raw/Barker et al-2011-SOM.xls
129.07452589072466,1.0,24,barker_variable_threshold_speleo_0_400,barker_do_warming_variable_threshold_speleo,"Barker variable-threshold D-O warmings, SpeleoAge 0-400 ka",SpeloAge (kyr).1,DO pick variable threshold,0.0,400.0,data/raw/Barker et al-2011-SOM.xls
147.36634425456978,1.0,25,barker_variable_threshold_speleo_0_400,barker_do_warming_variable_threshold_speleo,"Barker variable-threshold D-O warmings, SpeleoAge 0-400 ka",SpeloAge (kyr).1,DO pick variable threshold,0.0,400.0,data/raw/Barker et al-2011-SOM.xls
149.0832320742082,1.0,26,barker_variable_threshold_speleo_0_400,barker_do_warming_variable_threshold_speleo,"Barker variable-threshold D-O warmings, SpeleoAge 0-400 ka",SpeloAge (kyr).1,DO pick variable threshold,0.0,400.0,data/raw/Barker et al-2011-SOM.xls
150.97180867581042,1.0,27,barker_variable_threshold_speleo_0_400,barker_do_warming_variable_threshold_speleo,"Barker variable-threshold D-O warmings, SpeleoAge 0-400 ka",SpeloAge (kyr).1,DO pick variable threshold,0.0,400.0,data/raw/Barker et al-2011-SOM.xls
160.69435786143114,1.0,28,barker_variable_threshold_speleo_0_400,barker_do_warming_variable_threshold_speleo,"Barker variable-threshold D-O warmings, SpeleoAge 0-400 ka",SpeloAge (kyr).1,DO pick variable threshold,0.0,400.0,data/raw/Barker et al-2011-SOM.xls
164.03352385202012,1.0,29,barker_variable_threshold_speleo_0_400,barker_do_warming_variable_threshold_speleo,"Barker variable-threshold D-O warmings, SpeleoAge 0-400 ka",SpeloAge (kyr).1,DO pick variable threshold,0.0,400.0,data/raw/Barker et al-2011-SOM.xls
169.48426684230336,1.0,30,barker_variable_threshold_speleo_0_400,barker_do_warming_variable_threshold_speleo,"Barker variable-threshold D-O warmings, SpeleoAge 0-400 ka",SpeloAge (kyr).1,DO pick variable threshold,0.0,400.0,data/raw/Barker et al-2011-SOM.xls
173.18254908054905,1.0,31,barker_variable_threshold_speleo_0_400,barker_do_warming_variable_threshold_speleo,"Barker variable-threshold D-O warmings, SpeleoAge 0-400 ka",SpeloAge (kyr).1,DO pick variable threshold,0.0,400.0,data/raw/Barker et al-2011-SOM.xls
176.294819690442,1.0,32,barker_variable_threshold_speleo_0_400,barker_do_warming_variable_threshold_speleo,"Barker variable-threshold D-O warmings, SpeleoAge 0-400 ka",SpeloAge (kyr).1,DO pick variable threshold,0.0,400.0,data/raw/Barker et al-2011-SOM.xls
177.9590564102564,1.0,33,barker_variable_threshold_speleo_0_400,barker_do_warming_variable_threshold_speleo,"Barker variable-threshold D-O warmings, SpeleoAge 0-400 ka",SpeloAge (kyr).1,DO pick variable threshold,0.0,400.0,data/raw/Barker et al-2011-SOM.xls
178.65,1.0,34,barker_variable_threshold_speleo_0_400,barker_do_warming_variable_threshold_speleo,"Barker variable-threshold D-O warmings, SpeleoAge 0-400 ka",SpeloAge (kyr).1,DO pick variable threshold,0.0,400.0,data/raw/Barker et al-2011-SOM.xls
189.97930809248555,1.0,35,barker_variable_threshold_speleo_0_400,barker_do_warming_variable_threshold_speleo,"Barker variable-threshold D-O warmings, SpeleoAge 0-400 ka",SpeloAge (kyr).1,DO pick variable threshold,0.0,400.0,data/raw/Barker et al-2011-SOM.xls
192.67904271003977,1.0,36,barker_variable_threshold_speleo_0_400,barker_do_warming_variable_threshold_speleo,"Barker variable-threshold D-O warmings, SpeleoAge 0-400 ka",SpeloAge (kyr).1,DO pick variable threshold,0.0,400.0,data/raw/Barker et al-2011-SOM.xls
199.07712332556784,1.0,37,barker_variable_threshold_speleo_0_400,barker_do_warming_variable_threshold_speleo,"Barker variable-threshold D-O warmings, SpeleoAge 0-400 ka",SpeloAge (kyr).1,DO pick variable threshold,0.0,400.0,data/raw/Barker et al-2011-SOM.xls
216.8483851073425,1.0,38,barker_variable_threshold_speleo_0_400,barker_do_warming_variable_threshold_speleo,"Barker variable-threshold D-O warmings, SpeleoAge 0-400 ka",SpeloAge (kyr).1,DO pick variable threshold,0.0,400.0,data/raw/Barker et al-2011-SOM.xls
226.71390956408098,1.0,39,barker_variable_threshold_speleo_0_400,barker_do_warming_variable_threshold_speleo,"Barker variable-threshold D-O warmings, SpeleoAge 0-400 ka",SpeloAge (kyr).1,DO pick variable threshold,0.0,400.0,data/raw/Barker et al-2011-SOM.xls
229.5815786411596,1.0,40,barker_variable_threshold_speleo_0_400,barker_do_warming_variable_threshold_speleo,"Barker variable-threshold D-O warmings, SpeleoAge 0-400 ka",SpeloAge (kyr).1,DO pick variable threshold,0.0,400.0,data/raw/Barker et al-2011-SOM.xls
232.02721911054135,1.0,41,barker_variable_threshold_speleo_0_400,barker_do_warming_variable_threshold_speleo,"Barker variable-threshold D-O warmings, SpeleoAge 0-400 ka",SpeloAge (kyr).1,DO pick variable threshold,0.0,400.0,data/raw/Barker et al-2011-SOM.xls
242.4522797554482,1.0,42,barker_variable_threshold_speleo_0_400,barker_do_warming_variable_threshold_speleo,"Barker variable-threshold D-O warmings, SpeleoAge 0-400 ka",SpeloAge (kyr).1,DO pick variable threshold,0.0,400.0,data/raw/Barker et al-2011-SOM.xls
243.88598166641825,1.0,43,barker_variable_threshold_speleo_0_400,barker_do_warming_variable_threshold_speleo,"Barker variable-threshold D-O warmings, SpeleoAge 0-400 ka",SpeloAge (kyr).1,DO pick variable threshold,0.0,400.0,data/raw/Barker et al-2011-SOM.xls
248.50922296641428,1.0,44,barker_variable_threshold_speleo_0_400,barker_do_warming_variable_threshold_speleo,"Barker variable-threshold D-O warmings, SpeleoAge 0-400 ka",SpeloAge (kyr).1,DO pick variable threshold,0.0,400.0,data/raw/Barker et al-2011-SOM.xls
251.8764368154625,1.0,45,barker_variable_threshold_speleo_0_400,barker_do_warming_variable_threshold_speleo,"Barker variable-threshold D-O warmings, SpeleoAge 0-400 ka",SpeloAge (kyr).1,DO pick variable threshold,0.0,400.0,data/raw/Barker et al-2011-SOM.xls
257.6451326277037,1.0,46,barker_variable_threshold_speleo_0_400,barker_do_warming_variable_threshold_speleo,"Barker variable-threshold D-O warmings, SpeleoAge 0-400 ka",SpeloAge (kyr).1,DO pick variable threshold,0.0,400.0,data/raw/Barker et al-2011-SOM.xls
259.51836226415094,1.0,47,barker_variable_threshold_speleo_0_400,barker_do_warming_variable_threshold_speleo,"Barker variable-threshold D-O warmings, SpeleoAge 0-400 ka",SpeloAge (kyr).1,DO pick variable threshold,0.0,400.0,data/raw/Barker et al-2011-SOM.xls
261.9851063719653,1.0,48,barker_variable_threshold_speleo_0_400,barker_do_warming_variable_threshold_speleo,"Barker variable-threshold D-O warmings, SpeleoAge 0-400 ka",SpeloAge (kyr).1,DO pick variable threshold,0.0,400.0,data/raw/Barker et al-2011-SOM.xls
264.30493887083725,1.0,49,barker_variable_threshold_speleo_0_400,barker_do_warming_variable_threshold_speleo,"Barker variable-threshold D-O warmings, SpeleoAge 0-400 ka",SpeloAge (kyr).1,DO pick variable threshold,0.0,400.0,data/raw/Barker et al-2011-SOM.xls
276.9088177368622,1.0,50,barker_variable_threshold_speleo_0_400,barker_do_warming_variable_threshold_speleo,"Barker variable-threshold D-O warmings, SpeleoAge 0-400 ka",SpeloAge (kyr).1,DO pick variable threshold,0.0,400.0,data/raw/Barker et al-2011-SOM.xls
278.80551795456495,1.0,51,barker_variable_threshold_speleo_0_400,barker_do_warming_variable_threshold_speleo,"Barker variable-threshold D-O warmings, SpeleoAge 0-400 ka",SpeloAge (kyr).1,DO pick variable threshold,0.0,400.0,data/raw/Barker et al-2011-SOM.xls
281.47721396014634,1.0,52,barker_variable_threshold_speleo_0_400,barker_do_warming_variable_threshold_speleo,"Barker variable-threshold D-O warmings, SpeleoAge 0-400 ka",SpeloAge (kyr).1,DO pick variable threshold,0.0,400.0,data/raw/Barker et al-2011-SOM.xls
291.42979144658676,1.0,53,barker_variable_threshold_speleo_0_400,barker_do_warming_variable_threshold_speleo,"Barker variable-threshold D-O warmings, SpeleoAge 0-400 ka",SpeloAge (kyr).1,DO pick variable threshold,0.0,400.0,data/raw/Barker et al-2011-SOM.xls
297.52778461963123,1.0,54,barker_variable_threshold_speleo_0_400,barker_do_warming_variable_threshold_speleo,"Barker variable-threshold D-O warmings, SpeleoAge 0-400 ka",SpeloAge (kyr).1,DO pick variable threshold,0.0,400.0,data/raw/Barker et al-2011-SOM.xls
301.83105070495697,1.0,55,barker_variable_threshold_speleo_0_400,barker_do_warming_variable_threshold_speleo,"Barker variable-threshold D-O warmings, SpeleoAge 0-400 ka",SpeloAge (kyr).1,DO pick variable threshold,0.0,400.0,data/raw/Barker et al-2011-SOM.xls
306.8889179521644,1.0,56,barker_variable_threshold_speleo_0_400,barker_do_warming_variable_threshold_speleo,"Barker variable-threshold D-O warmings, SpeleoAge 0-400 ka",SpeloAge (kyr).1,DO pick variable threshold,0.0,400.0,data/raw/Barker et al-2011-SOM.xls
317.7801584879551,1.0,57,barker_variable_threshold_speleo_0_400,barker_do_warming_variable_threshold_speleo,"Barker variable-threshold D-O warmings, SpeleoAge 0-400 ka",SpeloAge (kyr).1,DO pick variable threshold,0.0,400.0,data/raw/Barker et al-2011-SOM.xls
327.90134618362464,1.0,58,barker_variable_threshold_speleo_0_400,barker_do_warming_variable_threshold_speleo,"Barker variable-threshold D-O warmings, SpeleoAge 0-400 ka",SpeloAge (kyr).1,DO pick variable threshold,0.0,400.0,data/raw/Barker et al-2011-SOM.xls
334.8609458364278,1.0,59,barker_variable_threshold_speleo_0_400,barker_do_warming_variable_threshold_speleo,"Barker variable-threshold D-O warmings, SpeleoAge 0-400 ka",SpeloAge (kyr).1,DO pick variable threshold,0.0,400.0,data/raw/Barker et al-2011-SOM.xls
335.20995230869227,1.0,60,barker_variable_threshold_speleo_0_400,barker_do_warming_variable_threshold_speleo,"Barker variable-threshold D-O warmings, SpeleoAge 0-400 ka",SpeloAge (kyr).1,DO pick variable threshold,0.0,400.0,data/raw/Barker et al-2011-SOM.xls
335.743726913332,1.0,61,barker_variable_threshold_speleo_0_400,barker_do_warming_variable_threshold_speleo,"Barker variable-threshold D-O warmings, SpeleoAge 0-400 ka",SpeloAge (kyr).1,DO pick variable threshold,0.0,400.0,data/raw/Barker et al-2011-SOM.xls
336.25253465346543,1.0,62,barker_variable_threshold_speleo_0_400,barker_do_warming_variable_threshold_speleo,"Barker variable-threshold D-O warmings, SpeleoAge 0-400 ka",SpeloAge (kyr).1,DO pick variable threshold,0.0,400.0,data/raw/Barker et al-2011-SOM.xls
349.3827409805063,1.0,63,barker_variable_threshold_speleo_0_400,barker_do_warming_variable_threshold_speleo,"Barker variable-threshold D-O warmings, SpeleoAge 0-400 ka",SpeloAge (kyr).1,DO pick variable threshold,0.0,400.0,data/raw/Barker et al-2011-SOM.xls
351.12312290502797,1.0,64,barker_variable_threshold_speleo_0_400,barker_do_warming_variable_threshold_speleo,"Barker variable-threshold D-O warmings, SpeleoAge 0-400 ka",SpeloAge (kyr).1,DO pick variable threshold,0.0,400.0,data/raw/Barker et al-2011-SOM.xls
366.8049739836804,1.0,65,barker_variable_threshold_speleo_0_400,barker_do_warming_variable_threshold_speleo,"Barker variable-threshold D-O warmings, SpeleoAge 0-400 ka",SpeloAge (kyr).1,DO pick variable threshold,0.0,400.0,data/raw/Barker et al-2011-SOM.xls
372.804462591687,1.0,66,barker_variable_threshold_speleo_0_400,barker_do_warming_variable_threshold_speleo,"Barker variable-threshold D-O warmings, SpeleoAge 0-400 ka",SpeloAge (kyr).1,DO pick variable threshold,0.0,400.0,data/raw/Barker et al-2011-SOM.xls
378.1905631536605,1.0,67,barker_variable_threshold_speleo_0_400,barker_do_warming_variable_threshold_speleo,"Barker variable-threshold D-O warmings, SpeleoAge 0-400 ka",SpeloAge (kyr).1,DO pick variable threshold,0.0,400.0,data/raw/Barker et al-2011-SOM.xls
387.3781174577635,1.0,68,barker_variable_threshold_speleo_0_400,barker_do_warming_variable_threshold_speleo,"Barker variable-threshold D-O warmings, SpeleoAge 0-400 ka",SpeloAge (kyr).1,DO pick variable threshold,0.0,400.0,data/raw/Barker et al-2011-SOM.xls
392.2456958970233,1.0,69,barker_variable_threshold_speleo_0_400,barker_do_warming_variable_threshold_speleo,"Barker variable-threshold D-O warmings, SpeleoAge 0-400 ka",SpeloAge (kyr).1,DO pick variable threshold,0.0,400.0,data/raw/Barker et al-2011-SOM.xls
396.4642638777152,1.0,70,barker_variable_threshold_speleo_0_400,barker_do_warming_variable_threshold_speleo,"Barker variable-threshold D-O warmings, SpeleoAge 0-400 ka",SpeloAge (kyr).1,DO pick variable threshold,0.0,400.0,data/raw/Barker et al-2011-SOM.xls
