event_label,event_type,point_age_ka_bp,definition_uncertainty_code,definition_sigma_yr,chronology_regime,chronology_envelope_yr,chronology_mc_sd_yr,chronology_nominal_target_sigma_yr,combined_mc_sd_yr,combined_mc_age_2p5_ka_bp,combined_mc_age_median_ka_bp,combined_mc_age_97p5_ka_bp
GS-1,cooling,12.846,±4,4,GICC05,138.0,66.3273824841596,69.0,65.75121119145385,12.721870234148824,12.846829353877318,12.975810292856208
GI-1,warming,14.642,±4,4,GICC05,186.0,93.53819855438742,93.0,92.84590013289653,14.465139870612411,14.64353092717308,14.826137961898242
GS-2.1,cooling,22.85,a,20,GICC05,573.0,269.71257367798034,286.5,270.5548262696208,22.32191589316382,22.852483719152104,23.385355185873774
GI-2.1,warming,22.97,a,20,GICC05,583.0,273.36172492871054,291.5,274.6947208159606,22.437017550852957,22.9712468557849,23.517343247129908
GS-2.2,cooling,23.17,a,20,GICC05,590.0,279.6571175135723,295.0,280.77082046087656,22.624794628080497,23.171055494320772,23.725584923443503
GI-2.2,warming,23.29,a,20,GICC05,596.0,283.55618135388966,298.0,284.4886469554021,22.732130993786114,23.29017760881764,23.855270533892604
GS-3,cooling,27.49,b,50,GICC05,822.0,386.1829389758175,411.0,384.1265604436481,26.748204453298438,27.489872700190446,28.24653886287663
GI-3,warming,27.73,a,20,GICC05,832.0,393.82307124392804,416.0,388.32057764606554,26.97555614785667,27.728141561566026,28.49146221675321
GS-4,cooling,28.55,a,20,GICC05,887.0,423.69167279992655,443.5,416.3245799256679,27.739977691179842,28.550513398378452,29.3666265756882
GI-4,warming,28.85,a,20,GICC05,898.0,435.90859833226494,449.0,428.1717647311817,28.015986529083765,28.851144141046515,29.685899644586687
GS-5.1,cooling,30.55,b,50,GICC05,1008.0,488.24309191221533,504.0,480.79532874562784,29.61175299178241,30.548792655748485,31.48759952140193
GI-5.1,warming,30.79,b,50,GICC05,1024.0,490.8620385892557,512.0,483.98927249017976,29.839584395673132,30.78937299315581,31.72565196145414
GS-5.2,cooling,31.99,b,50,GICC05,1107.0,516.321394296227,553.5,510.3808530523148,30.992749050723553,31.98717144686439,32.98478558929871
GI-5.2,warming,32.45,a,20,GICC05,1132.0,531.1148063272196,566.0,523.3344703556394,31.433483310814935,32.44910351293393,33.46610077233412
GS-6,cooling,33.31,b,50,GICC05,1191.0,565.2211114670082,595.5,559.997575774673,32.210877706147144,33.31014660436608,34.40897978349633
GI-6,warming,33.690000000000005,a,20,GICC05,1212.0,582.6603355197607,606.0,576.1289376609784,32.56561674935871,33.689901845515415,34.82360298519376
GS-7,cooling,34.690000000000005,b,50,GICC05,1286.0,634.3591482653972,643.0,630.1388447142205,33.45807390150963,34.69104509560799,35.92341390839258
GI-7,warming,35.43,a,20,GICC05,1321.0,650.4055014281475,660.5,645.2208916009954,34.163017146981915,35.4272380230057,36.69792988955069
GS-8,cooling,36.53,b,50,GICC05,1397.0,664.0702250575612,698.5,661.9414329966096,35.23217175539507,36.528141763484015,37.825461537373904
GI-8,warming,38.17,a,20,GICC05,1449.0,709.4986988346067,724.5,706.2871880628095,36.77920550477489,38.171725338927786,39.53891318120583
GS-9,cooling,39.85,b,50,GICC05,1569.0,781.9984317119823,784.5,780.0544011757502,38.34474606519649,39.845796550430194,41.37909004718604
GI-9,warming,40.11,a,20,GICC05,1580.0,787.1340084941064,790.0,784.0223686007145,38.601262936991255,40.1061887057876,41.66127977410482
GS-10,cooling,40.75,b,50,GICC05,1615.0,790.3433957464312,807.5,787.2678526372881,39.231334314371175,40.74943817005257,42.31499895437189
GI-10,warming,41.41,a,20,GICC05,1633.0,798.0812371607292,816.5,793.1379071597975,39.88764204463221,41.414682695864784,42.99375005749719
GS-11,cooling,42.190000000000005,b,50,GICC05,1682.0,812.8435743044292,841.0,808.8213477252706,40.6222177837896,42.19256143101779,43.79505885982341
GI-11,warming,43.290000000000006,a,20,GICC05,1736.0,843.3816420980481,868.0,836.4969691156633,41.66332299505549,43.295221670447816,44.946963857030184
GS-12,cooling,44.23,b,50,GICC05,1780.0,877.6759068084301,890.0,870.1578523368358,42.542146575699846,44.23232418240947,45.94849140964201
GI-12,warming,46.81,a,20,GICC05,1912.0,927.0352404067496,956.0,917.9900254338644,45.02130572003448,46.81552110357795,48.62218842670684
GS-13,cooling,48.290000000000006,d,100,GICC05,1988.0,966.9941300318219,994.0,963.2047936797244,46.410260849595346,48.29083208402531,50.182538413309835
GI-13,warming,49.23,a,20,GICC05,2031.0,1002.7549105459419,1015.5,993.2138675827001,47.270538059164736,49.23834927496188,51.160446496915675
GS-14,cooling,49.55,d,100,GICC05,2051.0,1016.593339344696,1025.5,1010.605770220167,47.56147805323734,49.557217398612394,51.50379821496851
GI-14,warming,54.17,a,20,GICC05,2301.0,1136.1271679191552,1150.5,1132.8391927021808,51.94001448837617,54.175467431216035,56.388599572956075
GS-15.1,cooling,54.85,a,20,GICC05,2338.0,1169.2923202091083,1169.0,1166.4600883843525,52.58363281988162,54.8525631152655,57.12651288751899
GI-15.1,warming,54.95,a,20,GICC05,2349.0,1174.5,1174.5,1171.7108273173576,52.66667991993202,54.95188031575945,57.233277328498765
GS-15.2,cooling,55.35,a,20,GICC05,2368.0,1175.3174630595975,1184.0,1172.7532821320165,53.06461376553433,55.35335281436436,57.63319460086878
GI-15.2,warming,55.75,a,20,GICC05,2392.0,1177.7664479392304,1196.0,1175.6124012157904,53.452573143521434,55.75534326486034,58.04428556380309
GS-16.1,cooling,56.45,b,50,GICC05,2430.0,1185.9438229446937,1215.0,1185.0351740964043,54.13186429439337,56.45489728196676,58.77964567859295
GI-16.1,warming,57.99,a,20,GICC05,2497.0,1220.819723411978,1248.5,1220.6690093686307,55.61316661953893,58.002497823689666,60.39611196244265
GS-16.2,cooling,58.11,a,20,GICC05,2505.0,1224.4725112453286,1252.5,1224.29514164223,55.72134463798723,58.121830349745125,60.50799744436029
GI-16.2,warming,58.23,a,20,GICC05,2511.0,1228.2551951993926,1255.5,1228.8119635156002,55.839065265553536,58.23966668902601,60.64310786109442
GS-17.1,cooling,58.510000000000005,b,50,GICC05,2528.0,1237.5798420866784,1264.0,1238.6144217304875,56.09972002557756,58.52129415446269,60.93756535134056
GI-17.1,warming,59.03,a,20,GICC05,2557.0,1256.7018495789296,1278.5,1257.9816447544745,56.57129797342416,59.03959563555557,61.48525190931492
GS-17.2,cooling,59.25,a,20,GICC05,2569.0,1265.4773731381936,1284.5,1266.7392726489738,56.78323586562447,59.2609843149807,61.713444931527825
GI-17.2,warming,59.39,a,20,GICC05,2573.0,1271.2682566416097,1286.5,1272.8092320652254,56.90815209709662,59.40421283111429,61.87118745699583
GS-18,cooling,63.790000000000006,a,20,GICC05modelext,2872.8,1397.9181797327697,1436.4,1400.6901643659005,61.109365273257254,63.80351199387866,66.59489111547586
GI-18,warming,64.05,a,20,GICC05modelext,2884.4999999999995,1411.0857951861021,1442.2499999999998,1413.9434006889464,61.33331109587524,64.06650516325095,66.88175907849383
GS-19.1,cooling,69.35000000000001,b,50,GICC05modelext,3123.0,1550.333270622804,1561.5,1554.9555053354286,66.34940778513648,69.37874236824479,72.42720517027075
GI-19.1,warming,69.57000000000001,a,20,GICC05modelext,3132.9,1559.0566113839486,1566.45,1561.9009248481113,66.55003262296486,69.60158680697828,72.66366594868
GS-19.2,cooling,70.33,c,200,GICC05modelext,3167.0999999999995,1575.6728634142303,1583.5499999999997,1590.3529908953735,67.2738117920347,70.3560823439299,73.4642344900805
GI-19.2,warming,72.29,a,20,GICC05modelext,3255.3,1600.3167350559077,1627.65,1602.8485644968653,69.195804020914,72.31893070060914,75.45627992005042
GS-20,cooling,74.05,b,50,GICC05modelext,3334.5,1651.489271082316,1667.25,1654.7604968237931,70.85236332144193,74.07168368256879,77.2701240408041
GI-20,warming,76.39,a,20,GICC05modelext,3439.8,1697.1148487948597,1719.9,1697.9811600070807,73.1245738505859,76.40370441453524,79.69728311868991
GS-21.1,cooling,77.71000000000001,d,100,GICC05modelext,3499.2000000000003,1722.5576797309286,1749.6000000000001,1723.3612509399245,74.41951425115663,77.71864391898178,81.04351582490013
GI-21.1,warming,84.71000000000001,a,20,GICC05modelext,3814.2,1902.2417117706152,1907.1,1893.0269220463222,81.07521820591741,84.7378741555575,88.43658308143672
GS-21.2,cooling,84.91,a,20,GICC05modelext,3823.1999999999994,1910.7591370970856,1911.5999999999997,1901.2919679033794,81.2587507584515,84.94167442718836,88.65398753408468
GI-21.2,warming,85.01,a,20,GICC05modelext,3827.7,1912.5166763978816,1913.85,1902.9887364731017,81.35743314023142,85.03975771229779,88.7420431245509
GS-22,cooling,87.55,b,50,GICC05modelext,3941.999999999999,1943.5624507589146,1970.9999999999995,1944.458056123724,83.8053798651344,87.572824636048,91.35468836907076
GI-22,warming,89.99000000000001,a,20,GICC05modelext,4051.8,2025.007399986479,2025.9,2033.565857421467,86.10647814087464,90.02881582699683,93.92938988044416
GS-23.1,cooling,90.09,b,50,GICC05modelext,4056.3,2025.0906479710973,2028.15,2033.561830785537,86.19936459908001,90.13091074557286,94.04861592615497
GI-23.1,warming,103.99,a,20,GICC05modelext,4681.8,2324.0643730327265,2340.9,2349.411655583655,99.47189512236346,104.00778562575205,108.49750374511365
GS-23.2,cooling,104.33,a,20,GICC05modelext,4697.099999999999,2336.8132579433895,2348.5499999999997,2362.1878200734714,99.77724356190967,104.34950519490098,108.85560714482138
GI-23.2,warming,104.47,a,20,GICC05modelext,4703.4,2342.34038730497,2351.7,2368.09817119359,99.90981541296541,104.4894604663306,109.02353541827185
GS-24.1,cooling,105.39,f,30,GICC05modelext,4744.799999999999,2363.3917745477574,2372.3999999999996,2388.4400792123547,100.7942200823837,105.41809110321957,109.98734134425904
GI-24.1,warming,106.7,f,30,GICC05modelext,4803.75,2376.5674925983058,2401.875,2400.2311108983636,102.08030248442859,106.73219752759559,111.31878653852765
GS-24.2,cooling,106.85,f,30,GICC05modelext,4810.5,2379.0736511297832,2405.25,2401.8409415657397,102.23395949644653,106.88270787978036,111.4794854040253
GI-24.2,warming,108.23,f,30,GICC05modelext,4872.6,2411.5561718525237,2436.3,2432.82350206741,103.5436056005884,108.275943913378,112.94355967912229
GS-25,cooling,110.59,f,30,GICC05modelext,4978.799999999999,2476.884373562884,2489.3999999999996,2497.2406561621788,105.80565008534322,110.62728492270338,115.43917846630242
GI-25,warming,115.32,f,30,GICC05modelext,5191.650000000001,2588.129365849976,2595.8250000000003,2615.7717604149348,110.27902463821925,115.33916798580668,120.39319388515402
GS-26,cooling,119.09,f,30,GICC05modelext,5361.3,2665.1400727729115,2680.65,2694.3885727122365,113.83815791996794,119.07695238749311,124.38951585186254
