algorithm_config_id,component,mapping_lag_ka,composite_event_id,projected_depth_mm,chronology_sigma_before_conditioning_ka
s035_w300,So-4,-1.0,MIS6_DO_17,962.0313283217544,0.2941765735895638
s035_w300,So-4,-1.0,MIS6_DO_18,999.1261904772692,0.2610019740601806
s035_w300,So-4,-1.0,MIS6_DO_19,1004.6019417486988,0.2885206476541398
s035_w300,So-4,-1.0,MIS6_DO_20,1102.2216687431126,0.3013045007529601
s035_w300,So-4,-1.0,MIS6_DO_21,1122.3222222232062,0.4286154400702247
s035_w300,So-4,-0.5,MIS6_DO_17,968.2990314779177,0.3413878118838128
s035_w300,So-4,-0.5,MIS6_DO_18,1005.1365853669588,0.2916902415458929
s035_w300,So-4,-0.5,MIS6_DO_19,1012.175742576554,0.3287540108168383
s035_w300,So-4,-0.5,MIS6_DO_20,1105.3459563552235,0.3041397110506811
s035_w300,So-4,-0.5,MIS6_DO_21,1125.389232674254,0.4211013946060276
s035_w300,So-4,0.0,MIS6_DO_17,974.335714286619,0.2988354531505678
s035_w300,So-4,0.0,MIS6_DO_18,1013.258536587576,0.3326830200110061
s035_w300,So-4,0.0,MIS6_DO_19,1024.6027027052105,0.2537706689309781
s035_w300,So-4,0.0,MIS6_DO_20,1108.4719800756156,0.3142706247823683
s035_w300,So-4,0.0,MIS6_DO_21,1128.5165184254092,0.4024039521155246
s035_w300,So-4,0.5,MIS6_DO_17,980.3486997644918,0.2658820156711334
s035_w300,So-4,0.5,MIS6_DO_18,1025.8493975930908,0.2541625575661484
s035_w300,So-4,0.5,MIS6_DO_19,1043.745721272528,0.3519103007477923
s035_w300,So-4,0.5,MIS6_DO_20,1111.5651387222188,0.3310280765483728
s035_w300,So-4,0.5,MIS6_DO_21,1131.6307884866046,0.3845397303376054
s035_w300,So-4,1.0,MIS6_DO_17,986.4556962034936,0.2464091976687081
s035_w300,So-4,1.0,MIS6_DO_18,1044.2944162448048,0.3675248593185782
s035_w300,So-4,1.0,MIS6_DO_19,1049.45747266156,0.3634044217176457
s035_w300,So-4,1.0,MIS6_DO_20,1114.5870646775115,0.3534708607857764
s035_w300,So-4,1.0,MIS6_DO_21,1134.8164014697638,0.3676302152012479
s035_w300,So-57,-1.0,MIS6_DO_17,322.4711111144892,0.2485368069618579
s035_w300,So-57,-1.0,MIS6_DO_18,438.0747330993103,0.2278847310619289
s035_w300,So-57,-1.0,MIS6_DO_19,454.2697841759995,0.236861201574145
s035_w300,So-57,-1.0,MIS6_DO_20,788.5824561428747,0.3637646765179931
s035_w300,So-57,-0.5,MIS6_DO_17,343.0038759719381,0.2655301937538844
s035_w300,So-57,-0.5,MIS6_DO_18,455.8586956554571,0.2388314048220472
s035_w300,So-57,-0.5,MIS6_DO_19,472.7153024944052,0.2688763511704827
s035_w300,So-57,-0.5,MIS6_DO_20,798.5542725206432,0.4016377150399683
s035_w300,So-57,0.0,MIS6_DO_17,362.3592592620742,0.3056383319405811
s035_w300,So-57,0.0,MIS6_DO_18,474.30827068009864,0.2725821813277335
s035_w300,So-57,0.0,MIS6_DO_19,490.774647890591,0.2860600709038154
s035_w300,So-57,0.0,MIS6_DO_20,810.1725888361389,0.4436169239721642
s035_w300,So-57,0.5,MIS6_DO_17,381.202952032325,0.3377754769635161
s035_w300,So-57,0.5,MIS6_DO_18,492.369402988456,0.2822902273925307
s035_w300,So-57,0.5,MIS6_DO_19,508.9890510982769,0.2498327180087914
s035_w300,So-57,0.5,MIS6_DO_20,822.6675531953152,0.4886451710170011
s035_w300,So-57,1.0,MIS6_DO_17,399.7985348013184,0.2851108890261054
s035_w300,So-57,1.0,MIS6_DO_18,510.59926470921374,0.247438687917827
s035_w300,So-57,1.0,MIS6_DO_19,527.3249097506422,0.2319953231874904
s035_w300,So-57,1.0,MIS6_DO_20,835.7461139933642,0.5359545110488904
s035_w400,So-4,-1.0,MIS6_DO_17,962.0313283217544,0.2941765735895638
s035_w400,So-4,-1.0,MIS6_DO_18,999.1261904772692,0.2610019740601806
s035_w400,So-4,-1.0,MIS6_DO_19,1004.6019417486988,0.2885206476541398
s035_w400,So-4,-1.0,MIS6_DO_20,1102.2216687431126,0.3013045007529601
s035_w400,So-4,-1.0,MIS6_DO_21,1122.3222222232062,0.4286154400702247
s035_w400,So-4,-0.5,MIS6_DO_17,968.2990314779177,0.3413878118838128
s035_w400,So-4,-0.5,MIS6_DO_18,1005.1365853669588,0.2916902415458929
s035_w400,So-4,-0.5,MIS6_DO_19,1012.175742576554,0.3287540108168383
s035_w400,So-4,-0.5,MIS6_DO_20,1105.3459563552235,0.3041397110506811
s035_w400,So-4,-0.5,MIS6_DO_21,1125.389232674254,0.4211013946060276
s035_w400,So-4,0.0,MIS6_DO_17,974.335714286619,0.2988354531505678
s035_w400,So-4,0.0,MIS6_DO_18,1013.258536587576,0.3326830200110061
s035_w400,So-4,0.0,MIS6_DO_19,1024.6027027052105,0.2537706689309781
s035_w400,So-4,0.0,MIS6_DO_20,1108.4719800756156,0.3142706247823683
s035_w400,So-4,0.0,MIS6_DO_21,1128.5165184254092,0.4024039521155246
s035_w400,So-4,0.5,MIS6_DO_17,980.3486997644918,0.2658820156711334
s035_w400,So-4,0.5,MIS6_DO_18,1025.8493975930908,0.2541625575661484
s035_w400,So-4,0.5,MIS6_DO_19,1043.745721272528,0.3519103007477923
s035_w400,So-4,0.5,MIS6_DO_20,1111.5651387222188,0.3310280765483728
s035_w400,So-4,0.5,MIS6_DO_21,1131.6307884866046,0.3845397303376054
s035_w400,So-4,1.0,MIS6_DO_17,986.4556962034936,0.2464091976687081
s035_w400,So-4,1.0,MIS6_DO_18,1044.2944162448048,0.3675248593185782
s035_w400,So-4,1.0,MIS6_DO_19,1049.45747266156,0.3634044217176457
s035_w400,So-4,1.0,MIS6_DO_20,1114.5870646775115,0.3534708607857764
s035_w400,So-4,1.0,MIS6_DO_21,1134.8164014697638,0.3676302152012479
s035_w400,So-57,-1.0,MIS6_DO_17,322.4711111144892,0.2485368069618579
s035_w400,So-57,-1.0,MIS6_DO_18,438.0747330993103,0.2278847310619289
s035_w400,So-57,-1.0,MIS6_DO_19,454.2697841759995,0.236861201574145
s035_w400,So-57,-1.0,MIS6_DO_20,788.5824561428747,0.3637646765179931
s035_w400,So-57,-0.5,MIS6_DO_17,343.0038759719381,0.2655301937538844
s035_w400,So-57,-0.5,MIS6_DO_18,455.8586956554571,0.2388314048220472
s035_w400,So-57,-0.5,MIS6_DO_19,472.7153024944052,0.2688763511704827
s035_w400,So-57,-0.5,MIS6_DO_20,798.5542725206432,0.4016377150399683
s035_w400,So-57,0.0,MIS6_DO_17,362.3592592620742,0.3056383319405811
s035_w400,So-57,0.0,MIS6_DO_18,474.30827068009864,0.2725821813277335
s035_w400,So-57,0.0,MIS6_DO_19,490.774647890591,0.2860600709038154
s035_w400,So-57,0.0,MIS6_DO_20,810.1725888361389,0.4436169239721642
s035_w400,So-57,0.5,MIS6_DO_17,381.202952032325,0.3377754769635161
s035_w400,So-57,0.5,MIS6_DO_18,492.369402988456,0.2822902273925307
s035_w400,So-57,0.5,MIS6_DO_19,508.9890510982769,0.2498327180087914
s035_w400,So-57,0.5,MIS6_DO_20,822.6675531953152,0.4886451710170011
s035_w400,So-57,1.0,MIS6_DO_17,399.7985348013184,0.2851108890261054
s035_w400,So-57,1.0,MIS6_DO_18,510.59926470921374,0.247438687917827
s035_w400,So-57,1.0,MIS6_DO_19,527.3249097506422,0.2319953231874904
s035_w400,So-57,1.0,MIS6_DO_20,835.7461139933642,0.5359545110488904
s035_w500,So-4,-1.0,MIS6_DO_17,962.0313283217544,0.2941765735895638
s035_w500,So-4,-1.0,MIS6_DO_18,999.1261904772692,0.2610019740601806
s035_w500,So-4,-1.0,MIS6_DO_19,1004.6019417486988,0.2885206476541398
s035_w500,So-4,-1.0,MIS6_DO_20,1102.2216687431126,0.3013045007529601
s035_w500,So-4,-1.0,MIS6_DO_21,1122.3222222232062,0.4286154400702247
s035_w500,So-4,-0.5,MIS6_DO_17,968.2990314779177,0.3413878118838128
s035_w500,So-4,-0.5,MIS6_DO_18,1005.1365853669588,0.2916902415458929
s035_w500,So-4,-0.5,MIS6_DO_19,1012.175742576554,0.3287540108168383
s035_w500,So-4,-0.5,MIS6_DO_20,1105.3459563552235,0.3041397110506811
s035_w500,So-4,-0.5,MIS6_DO_21,1125.389232674254,0.4211013946060276
s035_w500,So-4,0.0,MIS6_DO_17,974.335714286619,0.2988354531505678
s035_w500,So-4,0.0,MIS6_DO_18,1013.258536587576,0.3326830200110061
s035_w500,So-4,0.0,MIS6_DO_19,1024.6027027052105,0.2537706689309781
s035_w500,So-4,0.0,MIS6_DO_20,1108.4719800756156,0.3142706247823683
s035_w500,So-4,0.0,MIS6_DO_21,1128.5165184254092,0.4024039521155246
s035_w500,So-4,0.5,MIS6_DO_17,980.3486997644918,0.2658820156711334
s035_w500,So-4,0.5,MIS6_DO_18,1025.8493975930908,0.2541625575661484
s035_w500,So-4,0.5,MIS6_DO_19,1043.745721272528,0.3519103007477923
s035_w500,So-4,0.5,MIS6_DO_20,1111.5651387222188,0.3310280765483728
s035_w500,So-4,0.5,MIS6_DO_21,1131.6307884866046,0.3845397303376054
s035_w500,So-4,1.0,MIS6_DO_17,986.4556962034936,0.2464091976687081
s035_w500,So-4,1.0,MIS6_DO_18,1044.2944162448048,0.3675248593185782
s035_w500,So-4,1.0,MIS6_DO_19,1049.45747266156,0.3634044217176457
s035_w500,So-4,1.0,MIS6_DO_20,1114.5870646775115,0.3534708607857764
s035_w500,So-4,1.0,MIS6_DO_21,1134.8164014697638,0.3676302152012479
s035_w500,So-57,-1.0,MIS6_DO_17,322.4711111144892,0.2485368069618579
s035_w500,So-57,-1.0,MIS6_DO_18,438.0747330993103,0.2278847310619289
s035_w500,So-57,-1.0,MIS6_DO_19,454.2697841759995,0.236861201574145
s035_w500,So-57,-1.0,MIS6_DO_20,788.5824561428747,0.3637646765179931
s035_w500,So-57,-0.5,MIS6_DO_17,343.0038759719381,0.2655301937538844
s035_w500,So-57,-0.5,MIS6_DO_18,455.8586956554571,0.2388314048220472
s035_w500,So-57,-0.5,MIS6_DO_19,472.7153024944052,0.2688763511704827
s035_w500,So-57,-0.5,MIS6_DO_20,798.5542725206432,0.4016377150399683
s035_w500,So-57,0.0,MIS6_DO_17,362.3592592620742,0.3056383319405811
s035_w500,So-57,0.0,MIS6_DO_18,474.30827068009864,0.2725821813277335
s035_w500,So-57,0.0,MIS6_DO_19,490.774647890591,0.2860600709038154
s035_w500,So-57,0.0,MIS6_DO_20,810.1725888361389,0.4436169239721642
s035_w500,So-57,0.5,MIS6_DO_17,381.202952032325,0.3377754769635161
s035_w500,So-57,0.5,MIS6_DO_18,492.369402988456,0.2822902273925307
s035_w500,So-57,0.5,MIS6_DO_19,508.9890510982769,0.2498327180087914
s035_w500,So-57,0.5,MIS6_DO_20,822.6675531953152,0.4886451710170011
s035_w500,So-57,1.0,MIS6_DO_17,399.7985348013184,0.2851108890261054
s035_w500,So-57,1.0,MIS6_DO_18,510.59926470921374,0.247438687917827
s035_w500,So-57,1.0,MIS6_DO_19,527.3249097506422,0.2319953231874904
s035_w500,So-57,1.0,MIS6_DO_20,835.7461139933642,0.5359545110488904
s050_w300,So-4,-1.0,MIS6_DO_17,962.0187969934336,0.294042366909643
s050_w300,So-4,-1.0,MIS6_DO_18,999.019047620126,0.2605682842698928
s050_w300,So-4,-1.0,MIS6_DO_19,1004.7597087389908,0.2894487105604768
s050_w300,So-4,-1.0,MIS6_DO_20,1102.1033623919288,0.301345115025469
s050_w300,So-4,-1.0,MIS6_DO_21,1122.254320988638,0.4278697567740505
s050_w300,So-4,-0.5,MIS6_DO_17,968.2869249403872,0.3414802703208507
s050_w300,So-4,-0.5,MIS6_DO_18,1005.0268292693972,0.2910353793077597
s050_w300,So-4,-0.5,MIS6_DO_19,1012.4975247547736,0.3299091782366427
s050_w300,So-4,-0.5,MIS6_DO_20,1105.224005135711,0.3038957008744078
s050_w300,So-4,-0.5,MIS6_DO_21,1125.3211633673227,0.4215212744308074
s050_w300,So-4,0.0,MIS6_DO_17,974.3238095247142,0.2989121906493734
s050_w300,So-4,0.0,MIS6_DO_18,1013.039024392453,0.3318749485740366
s050_w300,So-4,0.0,MIS6_DO_19,1024.9540540565636,0.2536873993936792
s050_w300,So-4,0.0,MIS6_DO_20,1108.353673724432,0.3137591684226757
s050_w300,So-4,0.0,MIS6_DO_21,1128.4467680618463,0.4028067479253853
s050_w300,So-4,0.5,MIS6_DO_17,980.3368794335224,0.2659357980038893
s050_w300,So-4,0.5,MIS6_DO_18,1025.5783132557403,0.2539269431528252
s050_w300,So-4,0.5,MIS6_DO_19,1043.9046454779077,0.3564531237277971
s050_w300,So-4,0.5,MIS6_DO_20,1111.4500609022157,0.3302809934400365
s050_w300,So-4,0.5,MIS6_DO_21,1131.561952441548,0.384922946758894
s050_w300,So-4,1.0,MIS6_DO_17,986.4430379756454,0.2464321972508371
s050_w300,So-4,1.0,MIS6_DO_18,1044.1802030468343,0.3642769960562149
s050_w300,So-4,1.0,MIS6_DO_19,1049.5361881790884,0.3626532862589368
s050_w300,So-4,1.0,MIS6_DO_20,1114.4692118235453,0.352526245243234
s050_w300,So-4,1.0,MIS6_DO_21,1134.7490820083192,0.3679910068191185
s050_w300,So-57,-1.0,MIS6_DO_17,322.42666667004454,0.2485302276350812
s050_w300,So-57,-1.0,MIS6_DO_18,437.74817518578755,0.2279272295127194
s050_w300,So-57,-1.0,MIS6_DO_19,454.73741007528207,0.2374243835271974
s050_w300,So-57,-1.0,MIS6_DO_20,788.2491228095398,0.3624241797467156
s050_w300,So-57,-0.5,MIS6_DO_17,342.96484375296865,0.2654706535475667
s050_w300,So-57,-0.5,MIS6_DO_18,455.5326086989336,0.2384136785857465
s050_w300,So-57,-0.5,MIS6_DO_19,473.1798561184479,0.269958410364442
s050_w300,So-57,-0.5,MIS6_DO_20,798.1154734444285,0.4001157208430582
s050_w300,So-57,0.0,MIS6_DO_17,362.322222225037,0.3055402240587399
s050_w300,So-57,0.0,MIS6_DO_18,473.97122302484104,0.2718141988385435
s050_w300,So-57,0.0,MIS6_DO_19,491.2382671513664,0.2849361424260941
s050_w300,So-57,0.0,MIS6_DO_20,809.6980198055389,0.4419602933501514
s050_w300,So-57,0.5,MIS6_DO_17,381.1660516633212,0.3378905989593781
s050_w300,So-57,0.5,MIS6_DO_18,492.03358209293214,0.2830533759498141
s050_w300,So-57,0.5,MIS6_DO_19,509.4635036530237,0.2491102828212361
s050_w300,So-57,0.5,MIS6_DO_20,822.1622340463766,0.4868883019361372
s050_w300,So-57,1.0,MIS6_DO_17,399.7619047646882,0.2852046630679669
s050_w300,So-57,1.0,MIS6_DO_18,510.2683823562709,0.2479165098791853
s050_w300,So-57,1.0,MIS6_DO_19,527.7942238300672,0.231824677126773
s050_w300,So-57,1.0,MIS6_DO_20,835.2538860140872,0.5341222173417519
s050_w400,So-4,-1.0,MIS6_DO_17,962.0187969934336,0.294042366909643
s050_w400,So-4,-1.0,MIS6_DO_18,999.019047620126,0.2605682842698928
s050_w400,So-4,-1.0,MIS6_DO_19,1004.7597087389908,0.2894487105604768
s050_w400,So-4,-1.0,MIS6_DO_20,1102.1033623919288,0.301345115025469
s050_w400,So-4,-1.0,MIS6_DO_21,1122.254320988638,0.4278697567740505
s050_w400,So-4,-0.5,MIS6_DO_17,968.2869249403872,0.3414802703208507
s050_w400,So-4,-0.5,MIS6_DO_18,1005.0268292693972,0.2910353793077597
s050_w400,So-4,-0.5,MIS6_DO_19,1012.4975247547736,0.3299091782366427
s050_w400,So-4,-0.5,MIS6_DO_20,1105.224005135711,0.3038957008744078
s050_w400,So-4,-0.5,MIS6_DO_21,1125.3211633673227,0.4215212744308074
s050_w400,So-4,0.0,MIS6_DO_17,974.3238095247142,0.2989121906493734
s050_w400,So-4,0.0,MIS6_DO_18,1013.039024392453,0.3318749485740366
s050_w400,So-4,0.0,MIS6_DO_19,1024.9540540565636,0.2536873993936792
s050_w400,So-4,0.0,MIS6_DO_20,1108.353673724432,0.3137591684226757
s050_w400,So-4,0.0,MIS6_DO_21,1128.4467680618463,0.4028067479253853
s050_w400,So-4,0.5,MIS6_DO_17,980.3368794335224,0.2659357980038893
s050_w400,So-4,0.5,MIS6_DO_18,1025.5783132557403,0.2539269431528252
s050_w400,So-4,0.5,MIS6_DO_19,1043.9046454779077,0.3564531237277971
s050_w400,So-4,0.5,MIS6_DO_20,1111.4500609022157,0.3302809934400365
s050_w400,So-4,0.5,MIS6_DO_21,1131.561952441548,0.384922946758894
s050_w400,So-4,1.0,MIS6_DO_17,986.4430379756454,0.2464321972508371
s050_w400,So-4,1.0,MIS6_DO_18,1044.1802030468343,0.3642769960562149
s050_w400,So-4,1.0,MIS6_DO_19,1049.5361881790884,0.3626532862589368
s050_w400,So-4,1.0,MIS6_DO_20,1114.4692118235453,0.352526245243234
s050_w400,So-4,1.0,MIS6_DO_21,1134.7490820083192,0.3679910068191185
s050_w400,So-57,-1.0,MIS6_DO_17,322.42666667004454,0.2485302276350812
s050_w400,So-57,-1.0,MIS6_DO_18,437.74817518578755,0.2279272295127194
s050_w400,So-57,-1.0,MIS6_DO_19,454.73741007528207,0.2374243835271974
s050_w400,So-57,-1.0,MIS6_DO_20,788.2491228095398,0.3624241797467156
s050_w400,So-57,-0.5,MIS6_DO_17,342.96484375296865,0.2654706535475667
s050_w400,So-57,-0.5,MIS6_DO_18,455.5326086989336,0.2384136785857465
s050_w400,So-57,-0.5,MIS6_DO_19,473.1798561184479,0.269958410364442
s050_w400,So-57,-0.5,MIS6_DO_20,798.1154734444285,0.4001157208430582
s050_w400,So-57,0.0,MIS6_DO_17,362.322222225037,0.3055402240587399
s050_w400,So-57,0.0,MIS6_DO_18,473.97122302484104,0.2718141988385435
s050_w400,So-57,0.0,MIS6_DO_19,491.2382671513664,0.2849361424260941
s050_w400,So-57,0.0,MIS6_DO_20,809.6980198055389,0.4419602933501514
s050_w400,So-57,0.5,MIS6_DO_17,381.1660516633212,0.3378905989593781
s050_w400,So-57,0.5,MIS6_DO_18,492.03358209293214,0.2830533759498141
s050_w400,So-57,0.5,MIS6_DO_19,509.4635036530237,0.2491102828212361
s050_w400,So-57,0.5,MIS6_DO_20,822.1622340463766,0.4868883019361372
s050_w400,So-57,1.0,MIS6_DO_17,399.7619047646882,0.2852046630679669
s050_w400,So-57,1.0,MIS6_DO_18,510.2683823562709,0.2479165098791853
s050_w400,So-57,1.0,MIS6_DO_19,527.7942238300672,0.231824677126773
s050_w400,So-57,1.0,MIS6_DO_20,835.2538860140872,0.5341222173417519
s050_w500,So-4,-1.0,MIS6_DO_17,962.0187969934336,0.294042366909643
s050_w500,So-4,-1.0,MIS6_DO_18,999.019047620126,0.2605682842698928
s050_w500,So-4,-1.0,MIS6_DO_19,1004.7597087389908,0.2894487105604768
s050_w500,So-4,-1.0,MIS6_DO_20,1102.1033623919288,0.301345115025469
s050_w500,So-4,-1.0,MIS6_DO_21,1122.254320988638,0.4278697567740505
s050_w500,So-4,-0.5,MIS6_DO_17,968.2869249403872,0.3414802703208507
s050_w500,So-4,-0.5,MIS6_DO_18,1005.0268292693972,0.2910353793077597
s050_w500,So-4,-0.5,MIS6_DO_19,1012.4975247547736,0.3299091782366427
s050_w500,So-4,-0.5,MIS6_DO_20,1105.224005135711,0.3038957008744078
s050_w500,So-4,-0.5,MIS6_DO_21,1125.3211633673227,0.4215212744308074
s050_w500,So-4,0.0,MIS6_DO_17,974.3238095247142,0.2989121906493734
s050_w500,So-4,0.0,MIS6_DO_18,1013.039024392453,0.3318749485740366
s050_w500,So-4,0.0,MIS6_DO_19,1024.9540540565636,0.2536873993936792
s050_w500,So-4,0.0,MIS6_DO_20,1108.353673724432,0.3137591684226757
s050_w500,So-4,0.0,MIS6_DO_21,1128.4467680618463,0.4028067479253853
s050_w500,So-4,0.5,MIS6_DO_17,980.3368794335224,0.2659357980038893
s050_w500,So-4,0.5,MIS6_DO_18,1025.5783132557403,0.2539269431528252
s050_w500,So-4,0.5,MIS6_DO_19,1043.9046454779077,0.3564531237277971
s050_w500,So-4,0.5,MIS6_DO_20,1111.4500609022157,0.3302809934400365
s050_w500,So-4,0.5,MIS6_DO_21,1131.561952441548,0.384922946758894
s050_w500,So-4,1.0,MIS6_DO_17,986.4430379756454,0.2464321972508371
s050_w500,So-4,1.0,MIS6_DO_18,1044.1802030468343,0.3642769960562149
s050_w500,So-4,1.0,MIS6_DO_19,1049.5361881790884,0.3626532862589368
s050_w500,So-4,1.0,MIS6_DO_20,1114.4692118235453,0.352526245243234
s050_w500,So-4,1.0,MIS6_DO_21,1134.7490820083192,0.3679910068191185
s050_w500,So-57,-1.0,MIS6_DO_17,322.42666667004454,0.2485302276350812
s050_w500,So-57,-1.0,MIS6_DO_18,437.74817518578755,0.2279272295127194
s050_w500,So-57,-1.0,MIS6_DO_19,454.73741007528207,0.2374243835271974
s050_w500,So-57,-1.0,MIS6_DO_20,788.2491228095398,0.3624241797467156
s050_w500,So-57,-0.5,MIS6_DO_17,342.96484375296865,0.2654706535475667
s050_w500,So-57,-0.5,MIS6_DO_18,455.5326086989336,0.2384136785857465
s050_w500,So-57,-0.5,MIS6_DO_19,473.1798561184479,0.269958410364442
s050_w500,So-57,-0.5,MIS6_DO_20,798.1154734444285,0.4001157208430582
s050_w500,So-57,0.0,MIS6_DO_17,362.322222225037,0.3055402240587399
s050_w500,So-57,0.0,MIS6_DO_18,473.97122302484104,0.2718141988385435
s050_w500,So-57,0.0,MIS6_DO_19,491.2382671513664,0.2849361424260941
s050_w500,So-57,0.0,MIS6_DO_20,809.6980198055389,0.4419602933501514
s050_w500,So-57,0.5,MIS6_DO_17,381.1660516633212,0.3378905989593781
s050_w500,So-57,0.5,MIS6_DO_18,492.03358209293214,0.2830533759498141
s050_w500,So-57,0.5,MIS6_DO_19,509.4635036530237,0.2491102828212361
s050_w500,So-57,0.5,MIS6_DO_20,822.1622340463766,0.4868883019361372
s050_w500,So-57,1.0,MIS6_DO_17,399.7619047646882,0.2852046630679669
s050_w500,So-57,1.0,MIS6_DO_18,510.2683823562709,0.2479165098791853
s050_w500,So-57,1.0,MIS6_DO_19,527.7942238300672,0.231824677126773
s050_w500,So-57,1.0,MIS6_DO_20,835.2538860140872,0.5341222173417519
s075_w300,So-4,-1.0,MIS6_DO_17,962.0062656651128,0.2939082250809485
s075_w300,So-4,-1.0,MIS6_DO_18,998.7476415105008,0.2594811622805441
s075_w300,So-4,-1.0,MIS6_DO_19,1005.0024390255236,0.2908903071202106
s075_w300,So-4,-1.0,MIS6_DO_20,1101.9719029383375,0.3014026749137309
s075_w300,So-4,-1.0,MIS6_DO_21,1122.192592593576,0.4271929693203511
s075_w300,So-4,-0.5,MIS6_DO_17,968.2748184028568,0.3415727542830342
s075_w300,So-4,-0.5,MIS6_DO_18,1004.7475728166318,0.2893770687543183
s075_w300,So-4,-0.5,MIS6_DO_19,1012.9901477855408,0.3316956824346322
s075_w300,So-4,-0.5,MIS6_DO_20,1105.0892169457231,0.303638360720814
s075_w300,So-4,-0.5,MIS6_DO_21,1125.2592821792036,0.4219032873842434
s075_w300,So-4,0.0,MIS6_DO_17,974.3119047628094,0.298988966205147
s075_w300,So-4,0.0,MIS6_DO_18,1012.4727722794668,0.3298201487234715
s075_w300,So-4,0.0,MIS6_DO_19,1025.5180722919563,0.2538854206686208
s075_w300,So-4,0.0,MIS6_DO_20,1108.2229140731238,0.3132051019003381
s075_w300,So-4,0.0,MIS6_DO_21,1128.3833967056992,0.4031732743303636
s075_w300,So-4,0.5,MIS6_DO_17,980.3250591025532,0.2659896343790467
s075_w300,So-4,0.5,MIS6_DO_18,1024.927027029472,0.2536878744014037
s075_w300,So-4,0.5,MIS6_DO_19,1044.154822336205,0.3635588963024344
s075_w300,So-4,0.5,MIS6_DO_20,1111.3221680885729,0.3294648960218465
s075_w300,So-4,0.5,MIS6_DO_21,1131.499384237434,0.3852717245708211
s075_w300,So-4,1.0,MIS6_DO_17,986.4303797477974,0.2464552647490563
s075_w300,So-4,1.0,MIS6_DO_18,1043.892420539003,0.3561015077888053
s075_w300,So-4,1.0,MIS6_DO_19,1049.65681544085,0.3615024839858629
s075_w300,So-4,1.0,MIS6_DO_20,1114.3399014787171,0.3514901131811223
s075_w300,So-4,1.0,MIS6_DO_21,1134.6878824979149,0.3683194561303478
s075_w300,So-57,-1.0,MIS6_DO_17,322.3822222255999,0.248523762189779
s075_w300,So-57,-1.0,MIS6_DO_18,436.9113475209386,0.2280750174208817
s075_w300,So-57,-1.0,MIS6_DO_19,455.46014493090377,0.2383218728448917
s075_w300,So-57,-1.0,MIS6_DO_20,787.8502202674817,0.3609519012784633
s075_w300,So-57,-0.5,MIS6_DO_17,342.9257812529685,0.2654112067830521
s075_w300,So-57,-0.5,MIS6_DO_18,454.7014388521745,0.2373804949905451
s075_w300,So-57,-0.5,MIS6_DO_19,473.8992805788834,0.271644225346916
s075_w300,So-57,-0.5,MIS6_DO_20,797.6172248838196,0.3984404456757431
s075_w300,So-57,0.0,MIS6_DO_17,362.28518518799984,0.3054421774663352
s075_w300,So-57,0.0,MIS6_DO_18,473.14388489534025,0.2698747887491249
s075_w300,So-57,0.0,MIS6_DO_19,491.96028881202017,0.2832235256881731
s075_w300,So-57,0.0,MIS6_DO_20,809.1782178253382,0.440134421848307
s075_w300,So-57,0.5,MIS6_DO_17,381.12915129431735,0.3380057536474627
s075_w300,So-57,0.5,MIS6_DO_18,491.2021660682475,0.2850223002929755
s075_w300,So-57,0.5,MIS6_DO_19,510.1948529445936,0.2480235272241243
s075_w300,So-57,0.5,MIS6_DO_20,821.6058201096207,0.4849503445435558
s075_w300,So-57,1.0,MIS6_DO_17,399.7252747280581,0.2852984914727632
s075_w300,So-57,1.0,MIS6_DO_18,509.42700730257144,0.2491654080536021
s075_w300,So-57,1.0,MIS6_DO_19,528.5458015302653,0.2315927347331864
s075_w300,So-57,1.0,MIS6_DO_20,834.7090909128226,0.5320999632416779
s075_w400,So-4,-1.0,MIS6_DO_17,962.0062656651128,0.2939082250809485
s075_w400,So-4,-1.0,MIS6_DO_18,998.7476415105008,0.2594811622805441
s075_w400,So-4,-1.0,MIS6_DO_19,1005.0024390255236,0.2908903071202106
s075_w400,So-4,-1.0,MIS6_DO_20,1101.9719029383375,0.3014026749137309
s075_w400,So-4,-1.0,MIS6_DO_21,1122.192592593576,0.4271929693203511
s075_w400,So-4,-0.5,MIS6_DO_17,968.2748184028568,0.3415727542830342
s075_w400,So-4,-0.5,MIS6_DO_18,1004.7475728166318,0.2893770687543183
s075_w400,So-4,-0.5,MIS6_DO_19,1012.9901477855408,0.3316956824346322
s075_w400,So-4,-0.5,MIS6_DO_20,1105.0892169457231,0.303638360720814
s075_w400,So-4,-0.5,MIS6_DO_21,1125.2592821792036,0.4219032873842434
s075_w400,So-4,0.0,MIS6_DO_17,974.3119047628094,0.298988966205147
s075_w400,So-4,0.0,MIS6_DO_18,1012.4727722794668,0.3298201487234715
s075_w400,So-4,0.0,MIS6_DO_19,1025.5180722919563,0.2538854206686208
s075_w400,So-4,0.0,MIS6_DO_20,1108.2229140731238,0.3132051019003381
s075_w400,So-4,0.0,MIS6_DO_21,1128.3833967056992,0.4031732743303636
s075_w400,So-4,0.5,MIS6_DO_17,980.3250591025532,0.2659896343790467
s075_w400,So-4,0.5,MIS6_DO_18,1024.927027029472,0.2536878744014037
s075_w400,So-4,0.5,MIS6_DO_19,1044.154822336205,0.3635588963024344
s075_w400,So-4,0.5,MIS6_DO_20,1111.3221680885729,0.3294648960218465
s075_w400,So-4,0.5,MIS6_DO_21,1131.499384237434,0.3852717245708211
s075_w400,So-4,1.0,MIS6_DO_17,986.4303797477974,0.2464552647490563
s075_w400,So-4,1.0,MIS6_DO_18,1043.892420539003,0.3561015077888053
s075_w400,So-4,1.0,MIS6_DO_19,1049.65681544085,0.3615024839858629
s075_w400,So-4,1.0,MIS6_DO_20,1114.3399014787171,0.3514901131811223
s075_w400,So-4,1.0,MIS6_DO_21,1134.6878824979149,0.3683194561303478
s075_w400,So-57,-1.0,MIS6_DO_17,322.3822222255999,0.248523762189779
s075_w400,So-57,-1.0,MIS6_DO_18,436.9113475209386,0.2280750174208817
s075_w400,So-57,-1.0,MIS6_DO_19,455.46014493090377,0.2383218728448917
s075_w400,So-57,-1.0,MIS6_DO_20,787.8502202674817,0.3609519012784633
s075_w400,So-57,-0.5,MIS6_DO_17,342.9257812529685,0.2654112067830521
s075_w400,So-57,-0.5,MIS6_DO_18,454.7014388521745,0.2373804949905451
s075_w400,So-57,-0.5,MIS6_DO_19,473.8992805788834,0.271644225346916
s075_w400,So-57,-0.5,MIS6_DO_20,797.6172248838196,0.3984404456757431
s075_w400,So-57,0.0,MIS6_DO_17,362.28518518799984,0.3054421774663352
s075_w400,So-57,0.0,MIS6_DO_18,473.14388489534025,0.2698747887491249
s075_w400,So-57,0.0,MIS6_DO_19,491.96028881202017,0.2832235256881731
s075_w400,So-57,0.0,MIS6_DO_20,809.1782178253382,0.440134421848307
s075_w400,So-57,0.5,MIS6_DO_17,381.12915129431735,0.3380057536474627
s075_w400,So-57,0.5,MIS6_DO_18,491.2021660682475,0.2850223002929755
s075_w400,So-57,0.5,MIS6_DO_19,510.1948529445936,0.2480235272241243
s075_w400,So-57,0.5,MIS6_DO_20,821.6058201096207,0.4849503445435558
s075_w400,So-57,1.0,MIS6_DO_17,399.7252747280581,0.2852984914727632
s075_w400,So-57,1.0,MIS6_DO_18,509.42700730257144,0.2491654080536021
s075_w400,So-57,1.0,MIS6_DO_19,528.5458015302653,0.2315927347331864
s075_w400,So-57,1.0,MIS6_DO_20,834.7090909128226,0.5320999632416779
s075_w500,So-4,-1.0,MIS6_DO_17,962.0062656651128,0.2939082250809485
s075_w500,So-4,-1.0,MIS6_DO_18,998.7476415105008,0.2594811622805441
s075_w500,So-4,-1.0,MIS6_DO_19,1005.0024390255236,0.2908903071202106
s075_w500,So-4,-1.0,MIS6_DO_20,1101.9719029383375,0.3014026749137309
s075_w500,So-4,-1.0,MIS6_DO_21,1122.192592593576,0.4271929693203511
s075_w500,So-4,-0.5,MIS6_DO_17,968.2748184028568,0.3415727542830342
s075_w500,So-4,-0.5,MIS6_DO_18,1004.7475728166318,0.2893770687543183
s075_w500,So-4,-0.5,MIS6_DO_19,1012.9901477855408,0.3316956824346322
s075_w500,So-4,-0.5,MIS6_DO_20,1105.0892169457231,0.303638360720814
s075_w500,So-4,-0.5,MIS6_DO_21,1125.2592821792036,0.4219032873842434
s075_w500,So-4,0.0,MIS6_DO_17,974.3119047628094,0.298988966205147
s075_w500,So-4,0.0,MIS6_DO_18,1012.4727722794668,0.3298201487234715
s075_w500,So-4,0.0,MIS6_DO_19,1025.5180722919563,0.2538854206686208
s075_w500,So-4,0.0,MIS6_DO_20,1108.2229140731238,0.3132051019003381
s075_w500,So-4,0.0,MIS6_DO_21,1128.3833967056992,0.4031732743303636
s075_w500,So-4,0.5,MIS6_DO_17,980.3250591025532,0.2659896343790467
s075_w500,So-4,0.5,MIS6_DO_18,1024.927027029472,0.2536878744014037
s075_w500,So-4,0.5,MIS6_DO_19,1044.154822336205,0.3635588963024344
s075_w500,So-4,0.5,MIS6_DO_20,1111.3221680885729,0.3294648960218465
s075_w500,So-4,0.5,MIS6_DO_21,1131.499384237434,0.3852717245708211
s075_w500,So-4,1.0,MIS6_DO_17,986.4303797477974,0.2464552647490563
s075_w500,So-4,1.0,MIS6_DO_18,1043.892420539003,0.3561015077888053
s075_w500,So-4,1.0,MIS6_DO_19,1049.65681544085,0.3615024839858629
s075_w500,So-4,1.0,MIS6_DO_20,1114.3399014787171,0.3514901131811223
s075_w500,So-4,1.0,MIS6_DO_21,1134.6878824979149,0.3683194561303478
s075_w500,So-57,-1.0,MIS6_DO_17,322.3822222255999,0.248523762189779
s075_w500,So-57,-1.0,MIS6_DO_18,436.9113475209386,0.2280750174208817
s075_w500,So-57,-1.0,MIS6_DO_19,455.46014493090377,0.2383218728448917
s075_w500,So-57,-1.0,MIS6_DO_20,787.8502202674817,0.3609519012784633
s075_w500,So-57,-0.5,MIS6_DO_17,342.9257812529685,0.2654112067830521
s075_w500,So-57,-0.5,MIS6_DO_18,454.7014388521745,0.2373804949905451
s075_w500,So-57,-0.5,MIS6_DO_19,473.8992805788834,0.271644225346916
s075_w500,So-57,-0.5,MIS6_DO_20,797.6172248838196,0.3984404456757431
s075_w500,So-57,0.0,MIS6_DO_17,362.28518518799984,0.3054421774663352
s075_w500,So-57,0.0,MIS6_DO_18,473.14388489534025,0.2698747887491249
s075_w500,So-57,0.0,MIS6_DO_19,491.96028881202017,0.2832235256881731
s075_w500,So-57,0.0,MIS6_DO_20,809.1782178253382,0.440134421848307
s075_w500,So-57,0.5,MIS6_DO_17,381.12915129431735,0.3380057536474627
s075_w500,So-57,0.5,MIS6_DO_18,491.2021660682475,0.2850223002929755
s075_w500,So-57,0.5,MIS6_DO_19,510.1948529445936,0.2480235272241243
s075_w500,So-57,0.5,MIS6_DO_20,821.6058201096207,0.4849503445435558
s075_w500,So-57,1.0,MIS6_DO_17,399.7252747280581,0.2852984914727632
s075_w500,So-57,1.0,MIS6_DO_18,509.42700730257144,0.2491654080536021
s075_w500,So-57,1.0,MIS6_DO_19,528.5458015302653,0.2315927347331864
s075_w500,So-57,1.0,MIS6_DO_20,834.7090909128226,0.5320999632416779
